Date,Store ID,Product ID,SPO_Order_Qty
2023-10-31,S001,P0001,165.0
2023-11-01,S001,P0001,0.0
2023-11-02,S001,P0001,265.0
2023-11-03,S001,P0001,0.0
2023-11-04,S001,P0001,225.0
2023-11-05,S001,P0001,0.0
2023-11-06,S001,P0001,340.0
2023-11-07,S001,P0001,0.0
2023-11-08,S001,P0001,0.0
2023-11-09,S001,P0001,285.0
2023-11-10,S001,P0001,0.0
2023-11-11,S001,P0001,0.0
2023-11-12,S001,P0001,252.0
2023-11-13,S001,P0001,0.0
2023-11-14,S001,P0001,0.0
2023-11-15,S001,P0001,356.0
2023-11-16,S001,P0001,0.0
2023-11-17,S001,P0001,0.0
2023-11-18,S001,P0001,592.0
2023-11-19,S001,P0001,0.0
2023-11-20,S001,P0001,0.0
2023-11-21,S001,P0001,0.0
2023-11-22,S001,P0001,0.0
2023-11-23,S001,P0001,0.0
2023-11-24,S001,P0001,163.0
2023-11-25,S001,P0001,0.0
2023-11-26,S001,P0001,236.0
2023-11-27,S001,P0001,0.0
2023-11-28,S001,P0001,287.0
2023-11-29,S001,P0001,0.0
2023-11-30,S001,P0001,368.0
2023-12-01,S001,P0001,0.0
2023-12-02,S001,P0001,0.0
2023-12-03,S001,P0001,216.0
2023-12-04,S001,P0001,0.0
2023-12-05,S001,P0001,0.0
2023-12-06,S001,P0001,273.0
2023-12-07,S001,P0001,0.0
2023-12-08,S001,P0001,440.0
2023-12-09,S001,P0001,0.0
2023-12-10,S001,P0001,0.0
2023-12-11,S001,P0001,0.0
2023-12-12,S001,P0001,276.0
2023-12-13,S001,P0001,0.0
2023-12-14,S001,P0001,0.0
2023-12-15,S001,P0001,175.0
2023-12-16,S001,P0001,0.0
2023-12-17,S001,P0001,0.0
2023-12-18,S001,P0001,331.0
2023-12-19,S001,P0001,0.0
2023-12-20,S001,P0001,0.0
2023-12-21,S001,P0001,200.0
2023-12-22,S001,P0001,0.0
2023-12-23,S001,P0001,308.0
2023-12-24,S001,P0001,0.0
2023-12-25,S001,P0001,0.0
2023-12-26,S001,P0001,346.0
2023-12-27,S001,P0001,0.0
2023-12-28,S001,P0001,0.0
2023-12-29,S001,P0001,0.0
2023-12-30,S001,P0001,114.0
2023-12-31,S001,P0001,0.0
2024-01-01,S001,P0001,93.0
2024-01-02,S001,P0001,0.0
2024-01-03,S001,P0001,99.0
2024-01-04,S001,P0001,0.0
2024-01-05,S001,P0001,123.0
2024-01-06,S001,P0001,0.0
2024-01-07,S001,P0001,99.0
2024-01-08,S001,P0001,0.0
2024-01-09,S001,P0001,314.0
2024-01-10,S001,P0001,0.0
2024-01-11,S001,P0001,0.0
2024-01-12,S001,P0001,501.0
2024-01-13,S001,P0001,0.0
2024-01-14,S001,P0001,0.0
2024-01-15,S001,P0001,0.0
2024-01-16,S001,P0001,0.0
2024-01-17,S001,P0001,0.0
2024-01-18,S001,P0001,176.0
2024-01-19,S001,P0001,0.0
2024-01-20,S001,P0001,250.0
2024-01-21,S001,P0001,0.0
2024-01-22,S001,P0001,286.0
2024-01-23,S001,P0001,0.0
2024-01-24,S001,P0001,307.0
2024-01-25,S001,P0001,0.0
2024-01-26,S001,P0001,0.0
2024-01-27,S001,P0001,238.0
2024-01-28,S001,P0001,0.0
2024-01-29,S001,P0001,0.0
2024-01-30,S001,P0001,0.0
2023-10-31,S001,P0002,61.0
2023-11-01,S001,P0002,243.0
2023-11-02,S001,P0002,0.0
2023-11-03,S001,P0002,0.0
2023-11-04,S001,P0002,85.0
2023-11-05,S001,P0002,94.0
2023-11-06,S001,P0002,97.0
2023-11-07,S001,P0002,153.0
2023-11-08,S001,P0002,118.0
2023-11-09,S001,P0002,0.0
2023-11-10,S001,P0002,383.0
2023-11-11,S001,P0002,0.0
2023-11-12,S001,P0002,0.0
2023-11-13,S001,P0002,147.0
2023-11-14,S001,P0002,113.0
2023-11-15,S001,P0002,170.0
2023-11-16,S001,P0002,0.0
2023-11-17,S001,P0002,139.0
2023-11-18,S001,P0002,211.0
2023-11-19,S001,P0002,0.0
2023-11-20,S001,P0002,21.0
2023-11-21,S001,P0002,180.0
2023-11-22,S001,P0002,116.0
2023-11-23,S001,P0002,54.0
2023-11-24,S001,P0002,143.0
2023-11-25,S001,P0002,0.0
2023-11-26,S001,P0002,131.0
2023-11-27,S001,P0002,179.0
2023-11-28,S001,P0002,0.0
2023-11-29,S001,P0002,62.0
2023-11-30,S001,P0002,404.0
2023-12-01,S001,P0002,0.0
2023-12-02,S001,P0002,0.0
2023-12-03,S001,P0002,78.0
2023-12-04,S001,P0002,586.0
2023-12-05,S001,P0002,0.0
2023-12-06,S001,P0002,0.0
2023-12-07,S001,P0002,0.0
2023-12-08,S001,P0002,224.0
2023-12-09,S001,P0002,0.0
2023-12-10,S001,P0002,143.0
2023-12-11,S001,P0002,173.0
2023-12-12,S001,P0002,0.0
2023-12-13,S001,P0002,542.0
2023-12-14,S001,P0002,0.0
2023-12-15,S001,P0002,0.0
2023-12-16,S001,P0002,0.0
2023-12-17,S001,P0002,410.0
2023-12-18,S001,P0002,0.0
2023-12-19,S001,P0002,0.0
2023-12-20,S001,P0002,206.0
2023-12-21,S001,P0002,184.0
2023-12-22,S001,P0002,148.0
2023-12-23,S001,P0002,322.0
2023-12-24,S001,P0002,0.0
2023-12-25,S001,P0002,0.0
2023-12-26,S001,P0002,400.0
2023-12-27,S001,P0002,0.0
2023-12-28,S001,P0002,0.0
2023-12-29,S001,P0002,253.0
2023-12-30,S001,P0002,97.0
2023-12-31,S001,P0002,418.0
2024-01-01,S001,P0002,0.0
2024-01-02,S001,P0002,0.0
2024-01-03,S001,P0002,156.0
2024-01-04,S001,P0002,115.0
2024-01-05,S001,P0002,219.0
2024-01-06,S001,P0002,0.0
2024-01-07,S001,P0002,304.0
2024-01-08,S001,P0002,0.0
2024-01-09,S001,P0002,220.0
2024-01-10,S001,P0002,0.0
2024-01-11,S001,P0002,111.0
2024-01-12,S001,P0002,353.0
2024-01-13,S001,P0002,0.0
2024-01-14,S001,P0002,0.0
2024-01-15,S001,P0002,123.0
2024-01-16,S001,P0002,153.0
2024-01-17,S001,P0002,115.0
2024-01-18,S001,P0002,134.0
2024-01-19,S001,P0002,39.0
2024-01-20,S001,P0002,120.0
2024-01-21,S001,P0002,580.0
2024-01-22,S001,P0002,0.0
2024-01-23,S001,P0002,0.0
2024-01-24,S001,P0002,0.0
2024-01-25,S001,P0002,0.0
2024-01-26,S001,P0002,269.0
2024-01-27,S001,P0002,0.0
2024-01-28,S001,P0002,114.0
2024-01-29,S001,P0002,0.0
2024-01-30,S001,P0002,0.0
2023-10-31,S001,P0003,106.0
2023-11-01,S001,P0003,302.0
2023-11-02,S001,P0003,0.0
2023-11-03,S001,P0003,0.0
2023-11-04,S001,P0003,188.0
2023-11-05,S001,P0003,0.0
2023-11-06,S001,P0003,459.0
2023-11-07,S001,P0003,0.0
2023-11-08,S001,P0003,0.0
2023-11-09,S001,P0003,636.0
2023-11-10,S001,P0003,0.0
2023-11-11,S001,P0003,0.0
2023-11-12,S001,P0003,0.0
2023-11-13,S001,P0003,0.0
2023-11-14,S001,P0003,130.0
2023-11-15,S001,P0003,530.0
2023-11-16,S001,P0003,0.0
2023-11-17,S001,P0003,0.0
2023-11-18,S001,P0003,0.0
2023-11-19,S001,P0003,130.0
2023-11-20,S001,P0003,125.0
2023-11-21,S001,P0003,107.0
2023-11-22,S001,P0003,456.0
2023-11-23,S001,P0003,0.0
2023-11-24,S001,P0003,0.0
2023-11-25,S001,P0003,0.0
2023-11-26,S001,P0003,178.0
2023-11-27,S001,P0003,144.0
2023-11-28,S001,P0003,41.0
2023-11-29,S001,P0003,103.0
2023-11-30,S001,P0003,752.0
2023-12-01,S001,P0003,0.0
2023-12-02,S001,P0003,0.0
2023-12-03,S001,P0003,0.0
2023-12-04,S001,P0003,134.0
2023-12-05,S001,P0003,316.0
2023-12-06,S001,P0003,0.0
2023-12-07,S001,P0003,377.0
2023-12-08,S001,P0003,0.0
2023-12-09,S001,P0003,0.0
2023-12-10,S001,P0003,404.0
2023-12-11,S001,P0003,0.0
2023-12-12,S001,P0003,181.0
2023-12-13,S001,P0003,334.0
2023-12-14,S001,P0003,0.0
2023-12-15,S001,P0003,0.0
2023-12-16,S001,P0003,477.0
2023-12-17,S001,P0003,0.0
2023-12-18,S001,P0003,0.0
2023-12-19,S001,P0003,308.0
2023-12-20,S001,P0003,0.0
2023-12-21,S001,P0003,354.0
2023-12-22,S001,P0003,0.0
2023-12-23,S001,P0003,369.0
2023-12-24,S001,P0003,0.0
2023-12-25,S001,P0003,0.0
2023-12-26,S001,P0003,402.0
2023-12-27,S001,P0003,0.0
2023-12-28,S001,P0003,0.0
2023-12-29,S001,P0003,153.0
2023-12-30,S001,P0003,80.0
2023-12-31,S001,P0003,234.0
2024-01-01,S001,P0003,0.0
2024-01-02,S001,P0003,0.0
2024-01-03,S001,P0003,253.0
2024-01-04,S001,P0003,0.0
2024-01-05,S001,P0003,349.0
2024-01-06,S001,P0003,0.0
2024-01-07,S001,P0003,216.0
2024-01-08,S001,P0003,0.0
2024-01-09,S001,P0003,54.0
2024-01-10,S001,P0003,124.0
2024-01-11,S001,P0003,168.0
2024-01-12,S001,P0003,296.0
2024-01-13,S001,P0003,0.0
2024-01-14,S001,P0003,0.0
2024-01-15,S001,P0003,107.0
2024-01-16,S001,P0003,145.0
2024-01-17,S001,P0003,88.0
2024-01-18,S001,P0003,110.0
2024-01-19,S001,P0003,136.0
2024-01-20,S001,P0003,109.0
2024-01-21,S001,P0003,96.0
2024-01-22,S001,P0003,283.0
2024-01-23,S001,P0003,0.0
2024-01-24,S001,P0003,453.0
2024-01-25,S001,P0003,0.0
2024-01-26,S001,P0003,95.0
2024-01-27,S001,P0003,261.0
2024-01-28,S001,P0003,0.0
2024-01-29,S001,P0003,0.0
2024-01-30,S001,P0003,0.0
2023-10-31,S001,P0004,466.0
2023-11-01,S001,P0004,0.0
2023-11-02,S001,P0004,0.0
2023-11-03,S001,P0004,0.0
2023-11-04,S001,P0004,0.0
2023-11-05,S001,P0004,209.0
2023-11-06,S001,P0004,0.0
2023-11-07,S001,P0004,210.0
2023-11-08,S001,P0004,0.0
2023-11-09,S001,P0004,469.0
2023-11-10,S001,P0004,0.0
2023-11-11,S001,P0004,0.0
2023-11-12,S001,P0004,0.0
2023-11-13,S001,P0004,207.0
2023-11-14,S001,P0004,0.0
2023-11-15,S001,P0004,158.0
2023-11-16,S001,P0004,0.0
2023-11-17,S001,P0004,364.0
2023-11-18,S001,P0004,0.0
2023-11-19,S001,P0004,0.0
2023-11-20,S001,P0004,445.0
2023-11-21,S001,P0004,0.0
2023-11-22,S001,P0004,0.0
2023-11-23,S001,P0004,0.0
2023-11-24,S001,P0004,0.0
2023-11-25,S001,P0004,546.0
2023-11-26,S001,P0004,0.0
2023-11-27,S001,P0004,0.0
2023-11-28,S001,P0004,0.0
2023-11-29,S001,P0004,0.0
2023-11-30,S001,P0004,329.0
2023-12-01,S001,P0004,0.0
2023-12-02,S001,P0004,0.0
2023-12-03,S001,P0004,235.0
2023-12-04,S001,P0004,0.0
2023-12-05,S001,P0004,0.0
2023-12-06,S001,P0004,338.0
2023-12-07,S001,P0004,0.0
2023-12-08,S001,P0004,0.0
2023-12-09,S001,P0004,171.0
2023-12-10,S001,P0004,0.0
2023-12-11,S001,P0004,531.0
2023-12-12,S001,P0004,0.0
2023-12-13,S001,P0004,0.0
2023-12-14,S001,P0004,0.0
2023-12-15,S001,P0004,0.0
2023-12-16,S001,P0004,349.0
2023-12-17,S001,P0004,0.0
2023-12-18,S001,P0004,0.0
2023-12-19,S001,P0004,174.0
2023-12-20,S001,P0004,0.0
2023-12-21,S001,P0004,251.0
2023-12-22,S001,P0004,0.0
2023-12-23,S001,P0004,387.0
2023-12-24,S001,P0004,0.0
2023-12-25,S001,P0004,0.0
2023-12-26,S001,P0004,245.0
2023-12-27,S001,P0004,0.0
2023-12-28,S001,P0004,0.0
2023-12-29,S001,P0004,0.0
2023-12-30,S001,P0004,42.0
2023-12-31,S001,P0004,113.0
2024-01-01,S001,P0004,0.0
2024-01-02,S001,P0004,0.0
2024-01-03,S001,P0004,51.0
2024-01-04,S001,P0004,0.0
2024-01-05,S001,P0004,74.0
2024-01-06,S001,P0004,0.0
2024-01-07,S001,P0004,128.0
2024-01-08,S001,P0004,0.0
2024-01-09,S001,P0004,205.0
2024-01-10,S001,P0004,0.0
2024-01-11,S001,P0004,289.0
2024-01-12,S001,P0004,0.0
2024-01-13,S001,P0004,368.0
2024-01-14,S001,P0004,0.0
2024-01-15,S001,P0004,0.0
2024-01-16,S001,P0004,148.0
2024-01-17,S001,P0004,0.0
2024-01-18,S001,P0004,258.0
2024-01-19,S001,P0004,0.0
2024-01-20,S001,P0004,423.0
2024-01-21,S001,P0004,0.0
2024-01-22,S001,P0004,0.0
2024-01-23,S001,P0004,0.0
2024-01-24,S001,P0004,282.0
2024-01-25,S001,P0004,0.0
2024-01-26,S001,P0004,0.0
2024-01-27,S001,P0004,222.0
2024-01-28,S001,P0004,0.0
2024-01-29,S001,P0004,0.0
2024-01-30,S001,P0004,0.0
2023-10-31,S001,P0005,229.0
2023-11-01,S001,P0005,0.0
2023-11-02,S001,P0005,284.0
2023-11-03,S001,P0005,0.0
2023-11-04,S001,P0005,175.0
2023-11-05,S001,P0005,0.0
2023-11-06,S001,P0005,348.0
2023-11-07,S001,P0005,0.0
2023-11-08,S001,P0005,0.0
2023-11-09,S001,P0005,222.0
2023-11-10,S001,P0005,0.0
2023-11-11,S001,P0005,593.0
2023-11-12,S001,P0005,0.0
2023-11-13,S001,P0005,0.0
2023-11-14,S001,P0005,0.0
2023-11-15,S001,P0005,197.0
2023-11-16,S001,P0005,0.0
2023-11-17,S001,P0005,266.0
2023-11-18,S001,P0005,0.0
2023-11-19,S001,P0005,0.0
2023-11-20,S001,P0005,634.0
2023-11-21,S001,P0005,0.0
2023-11-22,S001,P0005,0.0
2023-11-23,S001,P0005,0.0
2023-11-24,S001,P0005,243.0
2023-11-25,S001,P0005,0.0
2023-11-26,S001,P0005,444.0
2023-11-27,S001,P0005,0.0
2023-11-28,S001,P0005,0.0
2023-11-29,S001,P0005,0.0
2023-11-30,S001,P0005,535.0
2023-12-01,S001,P0005,0.0
2023-12-02,S001,P0005,0.0
2023-12-03,S001,P0005,0.0
2023-12-04,S001,P0005,233.0
2023-12-05,S001,P0005,0.0
2023-12-06,S001,P0005,241.0
2023-12-07,S001,P0005,0.0
2023-12-08,S001,P0005,403.0
2023-12-09,S001,P0005,0.0
2023-12-10,S001,P0005,0.0
2023-12-11,S001,P0005,0.0
2023-12-12,S001,P0005,687.0
2023-12-13,S001,P0005,0.0
2023-12-14,S001,P0005,0.0
2023-12-15,S001,P0005,0.0
2023-12-16,S001,P0005,0.0
2023-12-17,S001,P0005,455.0
2023-12-18,S001,P0005,0.0
2023-12-19,S001,P0005,0.0
2023-12-20,S001,P0005,363.0
2023-12-21,S001,P0005,0.0
2023-12-22,S001,P0005,0.0
2023-12-23,S001,P0005,215.0
2023-12-24,S001,P0005,0.0
2023-12-25,S001,P0005,0.0
2023-12-26,S001,P0005,335.0
2023-12-27,S001,P0005,0.0
2023-12-28,S001,P0005,0.0
2023-12-29,S001,P0005,0.0
2023-12-30,S001,P0005,76.0
2023-12-31,S001,P0005,218.0
2024-01-01,S001,P0005,0.0
2024-01-02,S001,P0005,0.0
2024-01-03,S001,P0005,135.0
2024-01-04,S001,P0005,0.0
2024-01-05,S001,P0005,241.0
2024-01-06,S001,P0005,0.0
2024-01-07,S001,P0005,130.0
2024-01-08,S001,P0005,0.0
2024-01-09,S001,P0005,278.0
2024-01-10,S001,P0005,0.0
2024-01-11,S001,P0005,90.0
2024-01-12,S001,P0005,679.0
2024-01-13,S001,P0005,0.0
2024-01-14,S001,P0005,0.0
2024-01-15,S001,P0005,0.0
2024-01-16,S001,P0005,0.0
2024-01-17,S001,P0005,0.0
2024-01-18,S001,P0005,261.0
2024-01-19,S001,P0005,0.0
2024-01-20,S001,P0005,371.0
2024-01-21,S001,P0005,0.0
2024-01-22,S001,P0005,149.0
2024-01-23,S001,P0005,0.0
2024-01-24,S001,P0005,462.0
2024-01-25,S001,P0005,0.0
2024-01-26,S001,P0005,0.0
2024-01-27,S001,P0005,266.0
2024-01-28,S001,P0005,0.0
2024-01-29,S001,P0005,0.0
2024-01-30,S001,P0005,0.0
2023-10-31,S001,P0006,250.0
2023-11-01,S001,P0006,0.0
2023-11-02,S001,P0006,0.0
2023-11-03,S001,P0006,125.0
2023-11-04,S001,P0006,0.0
2023-11-05,S001,P0006,324.0
2023-11-06,S001,P0006,0.0
2023-11-07,S001,P0006,0.0
2023-11-08,S001,P0006,0.0
2023-11-09,S001,P0006,258.0
2023-11-10,S001,P0006,0.0
2023-11-11,S001,P0006,0.0
2023-11-12,S001,P0006,243.0
2023-11-13,S001,P0006,0.0
2023-11-14,S001,P0006,0.0
2023-11-15,S001,P0006,273.0
2023-11-16,S001,P0006,0.0
2023-11-17,S001,P0006,147.0
2023-11-18,S001,P0006,0.0
2023-11-19,S001,P0006,197.0
2023-11-20,S001,P0006,0.0
2023-11-21,S001,P0006,611.0
2023-11-22,S001,P0006,0.0
2023-11-23,S001,P0006,0.0
2023-11-24,S001,P0006,0.0
2023-11-25,S001,P0006,0.0
2023-11-26,S001,P0006,0.0
2023-11-27,S001,P0006,290.0
2023-11-28,S001,P0006,0.0
2023-11-29,S001,P0006,0.0
2023-11-30,S001,P0006,416.0
2023-12-01,S001,P0006,0.0
2023-12-02,S001,P0006,0.0
2023-12-03,S001,P0006,0.0
2023-12-04,S001,P0006,211.0
2023-12-05,S001,P0006,0.0
2023-12-06,S001,P0006,275.0
2023-12-07,S001,P0006,0.0
2023-12-08,S001,P0006,311.0
2023-12-09,S001,P0006,0.0
2023-12-10,S001,P0006,349.0
2023-12-11,S001,P0006,0.0
2023-12-12,S001,P0006,0.0
2023-12-13,S001,P0006,517.0
2023-12-14,S001,P0006,0.0
2023-12-15,S001,P0006,0.0
2023-12-16,S001,P0006,0.0
2023-12-17,S001,P0006,316.0
2023-12-18,S001,P0006,0.0
2023-12-19,S001,P0006,0.0
2023-12-20,S001,P0006,353.0
2023-12-21,S001,P0006,0.0
2023-12-22,S001,P0006,0.0
2023-12-23,S001,P0006,0.0
2023-12-24,S001,P0006,179.0
2023-12-25,S001,P0006,0.0
2023-12-26,S001,P0006,127.0
2023-12-27,S001,P0006,0.0
2023-12-28,S001,P0006,0.0
2023-12-29,S001,P0006,0.0
2023-12-30,S001,P0006,65.0
2023-12-31,S001,P0006,0.0
2024-01-01,S001,P0006,95.0
2024-01-02,S001,P0006,0.0
2024-01-03,S001,P0006,48.0
2024-01-04,S001,P0006,0.0
2024-01-05,S001,P0006,39.0
2024-01-06,S001,P0006,0.0
2024-01-07,S001,P0006,74.0
2024-01-08,S001,P0006,0.0
2024-01-09,S001,P0006,221.0
2024-01-10,S001,P0006,0.0
2024-01-11,S001,P0006,0.0
2024-01-12,S001,P0006,456.0
2024-01-13,S001,P0006,0.0
2024-01-14,S001,P0006,0.0
2024-01-15,S001,P0006,0.0
2024-01-16,S001,P0006,0.0
2024-01-17,S001,P0006,0.0
2024-01-18,S001,P0006,95.0
2024-01-19,S001,P0006,0.0
2024-01-20,S001,P0006,419.0
2024-01-21,S001,P0006,0.0
2024-01-22,S001,P0006,0.0
2024-01-23,S001,P0006,0.0
2024-01-24,S001,P0006,242.0
2024-01-25,S001,P0006,0.0
2024-01-26,S001,P0006,0.0
2024-01-27,S001,P0006,207.0
2024-01-28,S001,P0006,0.0
2024-01-29,S001,P0006,0.0
2024-01-30,S001,P0006,0.0
2023-10-31,S001,P0007,1139.0
2023-11-01,S001,P0007,0.0
2023-11-02,S001,P0007,0.0
2023-11-03,S001,P0007,0.0
2023-11-04,S001,P0007,0.0
2023-11-05,S001,P0007,0.0
2023-11-06,S001,P0007,0.0
2023-11-07,S001,P0007,0.0
2023-11-08,S001,P0007,320.0
2023-11-09,S001,P0007,0.0
2023-11-10,S001,P0007,224.0
2023-11-11,S001,P0007,0.0
2023-11-12,S001,P0007,299.0
2023-11-13,S001,P0007,0.0
2023-11-14,S001,P0007,0.0
2023-11-15,S001,P0007,524.0
2023-11-16,S001,P0007,0.0
2023-11-17,S001,P0007,0.0
2023-11-18,S001,P0007,0.0
2023-11-19,S001,P0007,462.0
2023-11-20,S001,P0007,0.0
2023-11-21,S001,P0007,0.0
2023-11-22,S001,P0007,0.0
2023-11-23,S001,P0007,387.0
2023-11-24,S001,P0007,0.0
2023-11-25,S001,P0007,0.0
2023-11-26,S001,P0007,399.0
2023-11-27,S001,P0007,0.0
2023-11-28,S001,P0007,0.0
2023-11-29,S001,P0007,0.0
2023-11-30,S001,P0007,443.0
2023-12-01,S001,P0007,0.0
2023-12-02,S001,P0007,0.0
2023-12-03,S001,P0007,299.0
2023-12-04,S001,P0007,0.0
2023-12-05,S001,P0007,0.0
2023-12-06,S001,P0007,265.0
2023-12-07,S001,P0007,0.0
2023-12-08,S001,P0007,254.0
2023-12-09,S001,P0007,0.0
2023-12-10,S001,P0007,216.0
2023-12-11,S001,P0007,0.0
2023-12-12,S001,P0007,0.0
2023-12-13,S001,P0007,529.0
2023-12-14,S001,P0007,0.0
2023-12-15,S001,P0007,0.0
2023-12-16,S001,P0007,0.0
2023-12-17,S001,P0007,539.0
2023-12-18,S001,P0007,0.0
2023-12-19,S001,P0007,0.0
2023-12-20,S001,P0007,363.0
2023-12-21,S001,P0007,0.0
2023-12-22,S001,P0007,0.0
2023-12-23,S001,P0007,312.0
2023-12-24,S001,P0007,0.0
2023-12-25,S001,P0007,243.0
2023-12-26,S001,P0007,0.0
2023-12-27,S001,P0007,0.0
2023-12-28,S001,P0007,181.0
2023-12-29,S001,P0007,0.0
2023-12-30,S001,P0007,150.0
2023-12-31,S001,P0007,0.0
2024-01-01,S001,P0007,181.0
2024-01-02,S001,P0007,0.0
2024-01-03,S001,P0007,166.0
2024-01-04,S001,P0007,0.0
2024-01-05,S001,P0007,134.0
2024-01-06,S001,P0007,0.0
2024-01-07,S001,P0007,136.0
2024-01-08,S001,P0007,0.0
2024-01-09,S001,P0007,206.0
2024-01-10,S001,P0007,0.0
2024-01-11,S001,P0007,262.0
2024-01-12,S001,P0007,0.0
2024-01-13,S001,P0007,323.0
2024-01-14,S001,P0007,0.0
2024-01-15,S001,P0007,0.0
2024-01-16,S001,P0007,511.0
2024-01-17,S001,P0007,0.0
2024-01-18,S001,P0007,0.0
2024-01-19,S001,P0007,0.0
2024-01-20,S001,P0007,0.0
2024-01-21,S001,P0007,0.0
2024-01-22,S001,P0007,117.0
2024-01-23,S001,P0007,0.0
2024-01-24,S001,P0007,290.0
2024-01-25,S001,P0007,0.0
2024-01-26,S001,P0007,0.0
2024-01-27,S001,P0007,249.0
2024-01-28,S001,P0007,0.0
2024-01-29,S001,P0007,0.0
2024-01-30,S001,P0007,0.0
2023-10-31,S001,P0008,112.0
2023-11-01,S001,P0008,0.0
2023-11-02,S001,P0008,270.0
2023-11-03,S001,P0008,0.0
2023-11-04,S001,P0008,167.0
2023-11-05,S001,P0008,0.0
2023-11-06,S001,P0008,309.0
2023-11-07,S001,P0008,0.0
2023-11-08,S001,P0008,0.0
2023-11-09,S001,P0008,188.0
2023-11-10,S001,P0008,0.0
2023-11-11,S001,P0008,395.0
2023-11-12,S001,P0008,0.0
2023-11-13,S001,P0008,0.0
2023-11-14,S001,P0008,386.0
2023-11-15,S001,P0008,0.0
2023-11-16,S001,P0008,0.0
2023-11-17,S001,P0008,0.0
2023-11-18,S001,P0008,252.0
2023-11-19,S001,P0008,0.0
2023-11-20,S001,P0008,0.0
2023-11-21,S001,P0008,0.0
2023-11-22,S001,P0008,170.0
2023-11-23,S001,P0008,0.0
2023-11-24,S001,P0008,215.0
2023-11-25,S001,P0008,0.0
2023-11-26,S001,P0008,190.0
2023-11-27,S001,P0008,0.0
2023-11-28,S001,P0008,246.0
2023-11-29,S001,P0008,0.0
2023-11-30,S001,P0008,156.0
2023-12-01,S001,P0008,0.0
2023-12-02,S001,P0008,200.0
2023-12-03,S001,P0008,0.0
2023-12-04,S001,P0008,158.0
2023-12-05,S001,P0008,0.0
2023-12-06,S001,P0008,169.0
2023-12-07,S001,P0008,0.0
2023-12-08,S001,P0008,223.0
2023-12-09,S001,P0008,0.0
2023-12-10,S001,P0008,344.0
2023-12-11,S001,P0008,0.0
2023-12-12,S001,P0008,0.0
2023-12-13,S001,P0008,545.0
2023-12-14,S001,P0008,0.0
2023-12-15,S001,P0008,0.0
2023-12-16,S001,P0008,0.0
2023-12-17,S001,P0008,0.0
2023-12-18,S001,P0008,277.0
2023-12-19,S001,P0008,0.0
2023-12-20,S001,P0008,0.0
2023-12-21,S001,P0008,534.0
2023-12-22,S001,P0008,0.0
2023-12-23,S001,P0008,0.0
2023-12-24,S001,P0008,0.0
2023-12-25,S001,P0008,244.0
2023-12-26,S001,P0008,0.0
2023-12-27,S001,P0008,0.0
2023-12-28,S001,P0008,98.0
2023-12-29,S001,P0008,0.0
2023-12-30,S001,P0008,78.0
2023-12-31,S001,P0008,0.0
2024-01-01,S001,P0008,68.0
2024-01-02,S001,P0008,0.0
2024-01-03,S001,P0008,160.0
2024-01-04,S001,P0008,0.0
2024-01-05,S001,P0008,103.0
2024-01-06,S001,P0008,0.0
2024-01-07,S001,P0008,104.0
2024-01-08,S001,P0008,0.0
2024-01-09,S001,P0008,221.0
2024-01-10,S001,P0008,0.0
2024-01-11,S001,P0008,308.0
2024-01-12,S001,P0008,0.0
2024-01-13,S001,P0008,276.0
2024-01-14,S001,P0008,0.0
2024-01-15,S001,P0008,0.0
2024-01-16,S001,P0008,210.0
2024-01-17,S001,P0008,0.0
2024-01-18,S001,P0008,264.0
2024-01-19,S001,P0008,0.0
2024-01-20,S001,P0008,267.0
2024-01-21,S001,P0008,0.0
2024-01-22,S001,P0008,286.0
2024-01-23,S001,P0008,0.0
2024-01-24,S001,P0008,0.0
2024-01-25,S001,P0008,222.0
2024-01-26,S001,P0008,0.0
2024-01-27,S001,P0008,220.0
2024-01-28,S001,P0008,0.0
2024-01-29,S001,P0008,0.0
2024-01-30,S001,P0008,0.0
2023-10-31,S001,P0009,124.0
2023-11-01,S001,P0009,383.0
2023-11-02,S001,P0009,0.0
2023-11-03,S001,P0009,0.0
2023-11-04,S001,P0009,163.0
2023-11-05,S001,P0009,0.0
2023-11-06,S001,P0009,165.0
2023-11-07,S001,P0009,104.0
2023-11-08,S001,P0009,221.0
2023-11-09,S001,P0009,0.0
2023-11-10,S001,P0009,87.0
2023-11-11,S001,P0009,154.0
2023-11-12,S001,P0009,150.0
2023-11-13,S001,P0009,139.0
2023-11-14,S001,P0009,204.0
2023-11-15,S001,P0009,103.0
2023-11-16,S001,P0009,0.0
2023-11-17,S001,P0009,264.0
2023-11-18,S001,P0009,0.0
2023-11-19,S001,P0009,0.0
2023-11-20,S001,P0009,110.0
2023-11-21,S001,P0009,87.0
2023-11-22,S001,P0009,577.0
2023-11-23,S001,P0009,0.0
2023-11-24,S001,P0009,0.0
2023-11-25,S001,P0009,0.0
2023-11-26,S001,P0009,329.0
2023-11-27,S001,P0009,0.0
2023-11-28,S001,P0009,180.0
2023-11-29,S001,P0009,46.0
2023-11-30,S001,P0009,510.0
2023-12-01,S001,P0009,0.0
2023-12-02,S001,P0009,0.0
2023-12-03,S001,P0009,162.0
2023-12-04,S001,P0009,406.0
2023-12-05,S001,P0009,0.0
2023-12-06,S001,P0009,0.0
2023-12-07,S001,P0009,643.0
2023-12-08,S001,P0009,0.0
2023-12-09,S001,P0009,0.0
2023-12-10,S001,P0009,220.0
2023-12-11,S001,P0009,84.0
2023-12-12,S001,P0009,566.0
2023-12-13,S001,P0009,0.0
2023-12-14,S001,P0009,102.0
2023-12-15,S001,P0009,214.0
2023-12-16,S001,P0009,405.0
2023-12-17,S001,P0009,0.0
2023-12-18,S001,P0009,0.0
2023-12-19,S001,P0009,214.0
2023-12-20,S001,P0009,174.0
2023-12-21,S001,P0009,277.0
2023-12-22,S001,P0009,0.0
2023-12-23,S001,P0009,296.0
2023-12-24,S001,P0009,0.0
2023-12-25,S001,P0009,0.0
2023-12-26,S001,P0009,510.0
2023-12-27,S001,P0009,0.0
2023-12-28,S001,P0009,0.0
2023-12-29,S001,P0009,0.0
2023-12-30,S001,P0009,89.0
2023-12-31,S001,P0009,435.0
2024-01-01,S001,P0009,0.0
2024-01-02,S001,P0009,0.0
2024-01-03,S001,P0009,239.0
2024-01-04,S001,P0009,0.0
2024-01-05,S001,P0009,182.0
2024-01-06,S001,P0009,0.0
2024-01-07,S001,P0009,292.0
2024-01-08,S001,P0009,0.0
2024-01-09,S001,P0009,140.0
2024-01-10,S001,P0009,103.0
2024-01-11,S001,P0009,201.0
2024-01-12,S001,P0009,356.0
2024-01-13,S001,P0009,0.0
2024-01-14,S001,P0009,0.0
2024-01-15,S001,P0009,97.0
2024-01-16,S001,P0009,248.0
2024-01-17,S001,P0009,184.0
2024-01-18,S001,P0009,141.0
2024-01-19,S001,P0009,100.0
2024-01-20,S001,P0009,174.0
2024-01-21,S001,P0009,600.0
2024-01-22,S001,P0009,0.0
2024-01-23,S001,P0009,0.0
2024-01-24,S001,P0009,0.0
2024-01-25,S001,P0009,329.0
2024-01-26,S001,P0009,0.0
2024-01-27,S001,P0009,362.0
2024-01-28,S001,P0009,0.0
2024-01-29,S001,P0009,0.0
2024-01-30,S001,P0009,0.0
2023-10-31,S001,P0010,62.0
2023-11-01,S001,P0010,271.0
2023-11-02,S001,P0010,0.0
2023-11-03,S001,P0010,0.0
2023-11-04,S001,P0010,91.0
2023-11-05,S001,P0010,146.0
2023-11-06,S001,P0010,0.0
2023-11-07,S001,P0010,90.0
2023-11-08,S001,P0010,241.0
2023-11-09,S001,P0010,0.0
2023-11-10,S001,P0010,52.0
2023-11-11,S001,P0010,100.0
2023-11-12,S001,P0010,216.0
2023-11-13,S001,P0010,0.0
2023-11-14,S001,P0010,0.0
2023-11-15,S001,P0010,114.0
2023-11-16,S001,P0010,135.0
2023-11-17,S001,P0010,0.0
2023-11-18,S001,P0010,166.0
2023-11-19,S001,P0010,0.0
2023-11-20,S001,P0010,79.0
2023-11-21,S001,P0010,82.0
2023-11-22,S001,P0010,114.0
2023-11-23,S001,P0010,108.0
2023-11-24,S001,P0010,89.0
2023-11-25,S001,P0010,42.0
2023-11-26,S001,P0010,409.0
2023-11-27,S001,P0010,0.0
2023-11-28,S001,P0010,0.0
2023-11-29,S001,P0010,0.0
2023-11-30,S001,P0010,272.0
2023-12-01,S001,P0010,0.0
2023-12-02,S001,P0010,0.0
2023-12-03,S001,P0010,111.0
2023-12-04,S001,P0010,211.0
2023-12-05,S001,P0010,0.0
2023-12-06,S001,P0010,278.0
2023-12-07,S001,P0010,0.0
2023-12-08,S001,P0010,0.0
2023-12-09,S001,P0010,168.0
2023-12-10,S001,P0010,0.0
2023-12-11,S001,P0010,197.0
2023-12-12,S001,P0010,0.0
2023-12-13,S001,P0010,92.0
2023-12-14,S001,P0010,190.0
2023-12-15,S001,P0010,0.0
2023-12-16,S001,P0010,215.0
2023-12-17,S001,P0010,0.0
2023-12-18,S001,P0010,0.0
2023-12-19,S001,P0010,85.0
2023-12-20,S001,P0010,110.0
2023-12-21,S001,P0010,188.0
2023-12-22,S001,P0010,0.0
2023-12-23,S001,P0010,223.0
2023-12-24,S001,P0010,0.0
2023-12-25,S001,P0010,0.0
2023-12-26,S001,P0010,73.0
2023-12-27,S001,P0010,74.0
2023-12-28,S001,P0010,0.0
2023-12-29,S001,P0010,20.0
2023-12-30,S001,P0010,23.0
2023-12-31,S001,P0010,156.0
2024-01-01,S001,P0010,0.0
2024-01-02,S001,P0010,0.0
2024-01-03,S001,P0010,68.0
2024-01-04,S001,P0010,0.0
2024-01-05,S001,P0010,81.0
2024-01-06,S001,P0010,0.0
2024-01-07,S001,P0010,67.0
2024-01-08,S001,P0010,0.0
2024-01-09,S001,P0010,122.0
2024-01-10,S001,P0010,0.0
2024-01-11,S001,P0010,43.0
2024-01-12,S001,P0010,218.0
2024-01-13,S001,P0010,0.0
2024-01-14,S001,P0010,0.0
2024-01-15,S001,P0010,308.0
2024-01-16,S001,P0010,0.0
2024-01-17,S001,P0010,0.0
2024-01-18,S001,P0010,0.0
2024-01-19,S001,P0010,31.0
2024-01-20,S001,P0010,324.0
2024-01-21,S001,P0010,0.0
2024-01-22,S001,P0010,0.0
2024-01-23,S001,P0010,0.0
2024-01-24,S001,P0010,228.0
2024-01-25,S001,P0010,0.0
2024-01-26,S001,P0010,91.0
2024-01-27,S001,P0010,150.0
2024-01-28,S001,P0010,0.0
2024-01-29,S001,P0010,0.0
2024-01-30,S001,P0010,0.0
2023-10-31,S001,P0011,53.0
2023-11-01,S001,P0011,174.0
2023-11-02,S001,P0011,0.0
2023-11-03,S001,P0011,0.0
2023-11-04,S001,P0011,29.0
2023-11-05,S001,P0011,149.0
2023-11-06,S001,P0011,0.0
2023-11-07,S001,P0011,78.0
2023-11-08,S001,P0011,159.0
2023-11-09,S001,P0011,0.0
2023-11-10,S001,P0011,36.0
2023-11-11,S001,P0011,108.0
2023-11-12,S001,P0011,213.0
2023-11-13,S001,P0011,0.0
2023-11-14,S001,P0011,0.0
2023-11-15,S001,P0011,154.0
2023-11-16,S001,P0011,0.0
2023-11-17,S001,P0011,119.0
2023-11-18,S001,P0011,199.0
2023-11-19,S001,P0011,0.0
2023-11-20,S001,P0011,46.0
2023-11-21,S001,P0011,88.0
2023-11-22,S001,P0011,263.0
2023-11-23,S001,P0011,0.0
2023-11-24,S001,P0011,0.0
2023-11-25,S001,P0011,0.0
2023-11-26,S001,P0011,75.0
2023-11-27,S001,P0011,174.0
2023-11-28,S001,P0011,0.0
2023-11-29,S001,P0011,105.0
2023-11-30,S001,P0011,330.0
2023-12-01,S001,P0011,0.0
2023-12-02,S001,P0011,0.0
2023-12-03,S001,P0011,260.0
2023-12-04,S001,P0011,0.0
2023-12-05,S001,P0011,0.0
2023-12-06,S001,P0011,136.0
2023-12-07,S001,P0011,253.0
2023-12-08,S001,P0011,0.0
2023-12-09,S001,P0011,0.0
2023-12-10,S001,P0011,256.0
2023-12-11,S001,P0011,0.0
2023-12-12,S001,P0011,0.0
2023-12-13,S001,P0011,161.0
2023-12-14,S001,P0011,0.0
2023-12-15,S001,P0011,0.0
2023-12-16,S001,P0011,244.0
2023-12-17,S001,P0011,0.0
2023-12-18,S001,P0011,0.0
2023-12-19,S001,P0011,353.0
2023-12-20,S001,P0011,0.0
2023-12-21,S001,P0011,0.0
2023-12-22,S001,P0011,0.0
2023-12-23,S001,P0011,192.0
2023-12-24,S001,P0011,0.0
2023-12-25,S001,P0011,0.0
2023-12-26,S001,P0011,215.0
2023-12-27,S001,P0011,0.0
2023-12-28,S001,P0011,0.0
2023-12-29,S001,P0011,0.0
2023-12-30,S001,P0011,28.0
2023-12-31,S001,P0011,95.0
2024-01-01,S001,P0011,0.0
2024-01-02,S001,P0011,0.0
2024-01-03,S001,P0011,69.0
2024-01-04,S001,P0011,0.0
2024-01-05,S001,P0011,98.0
2024-01-06,S001,P0011,0.0
2024-01-07,S001,P0011,90.0
2024-01-08,S001,P0011,0.0
2024-01-09,S001,P0011,84.0
2024-01-10,S001,P0011,43.0
2024-01-11,S001,P0011,186.0
2024-01-12,S001,P0011,0.0
2024-01-13,S001,P0011,340.0
2024-01-14,S001,P0011,0.0
2024-01-15,S001,P0011,0.0
2024-01-16,S001,P0011,144.0
2024-01-17,S001,P0011,0.0
2024-01-18,S001,P0011,155.0
2024-01-19,S001,P0011,0.0
2024-01-20,S001,P0011,427.0
2024-01-21,S001,P0011,0.0
2024-01-22,S001,P0011,0.0
2024-01-23,S001,P0011,0.0
2024-01-24,S001,P0011,132.0
2024-01-25,S001,P0011,0.0
2024-01-26,S001,P0011,106.0
2024-01-27,S001,P0011,174.0
2024-01-28,S001,P0011,0.0
2024-01-29,S001,P0011,0.0
2024-01-30,S001,P0011,0.0
2023-10-31,S001,P0012,453.0
2023-11-01,S001,P0012,0.0
2023-11-02,S001,P0012,0.0
2023-11-03,S001,P0012,0.0
2023-11-04,S001,P0012,156.0
2023-11-05,S001,P0012,496.0
2023-11-06,S001,P0012,0.0
2023-11-07,S001,P0012,0.0
2023-11-08,S001,P0012,0.0
2023-11-09,S001,P0012,550.0
2023-11-10,S001,P0012,0.0
2023-11-11,S001,P0012,0.0
2023-11-12,S001,P0012,0.0
2023-11-13,S001,P0012,85.0
2023-11-14,S001,P0012,76.0
2023-11-15,S001,P0012,302.0
2023-11-16,S001,P0012,0.0
2023-11-17,S001,P0012,303.0
2023-11-18,S001,P0012,0.0
2023-11-19,S001,P0012,193.0
2023-11-20,S001,P0012,127.0
2023-11-21,S001,P0012,97.0
2023-11-22,S001,P0012,529.0
2023-11-23,S001,P0012,0.0
2023-11-24,S001,P0012,0.0
2023-11-25,S001,P0012,0.0
2023-11-26,S001,P0012,145.0
2023-11-27,S001,P0012,346.0
2023-11-28,S001,P0012,0.0
2023-11-29,S001,P0012,0.0
2023-11-30,S001,P0012,321.0
2023-12-01,S001,P0012,0.0
2023-12-02,S001,P0012,0.0
2023-12-03,S001,P0012,342.0
2023-12-04,S001,P0012,0.0
2023-12-05,S001,P0012,0.0
2023-12-06,S001,P0012,118.0
2023-12-07,S001,P0012,176.0
2023-12-08,S001,P0012,153.0
2023-12-09,S001,P0012,328.0
2023-12-10,S001,P0012,0.0
2023-12-11,S001,P0012,312.0
2023-12-12,S001,P0012,0.0
2023-12-13,S001,P0012,0.0
2023-12-14,S001,P0012,218.0
2023-12-15,S001,P0012,0.0
2023-12-16,S001,P0012,112.0
2023-12-17,S001,P0012,579.0
2023-12-18,S001,P0012,0.0
2023-12-19,S001,P0012,0.0
2023-12-20,S001,P0012,147.0
2023-12-21,S001,P0012,0.0
2023-12-22,S001,P0012,141.0
2023-12-23,S001,P0012,335.0
2023-12-24,S001,P0012,0.0
2023-12-25,S001,P0012,0.0
2023-12-26,S001,P0012,356.0
2023-12-27,S001,P0012,0.0
2023-12-28,S001,P0012,0.0
2023-12-29,S001,P0012,0.0
2023-12-30,S001,P0012,28.0
2023-12-31,S001,P0012,108.0
2024-01-01,S001,P0012,0.0
2024-01-02,S001,P0012,0.0
2024-01-03,S001,P0012,113.0
2024-01-04,S001,P0012,40.0
2024-01-05,S001,P0012,185.0
2024-01-06,S001,P0012,0.0
2024-01-07,S001,P0012,336.0
2024-01-08,S001,P0012,0.0
2024-01-09,S001,P0012,0.0
2024-01-10,S001,P0012,648.0
2024-01-11,S001,P0012,0.0
2024-01-12,S001,P0012,0.0
2024-01-13,S001,P0012,0.0
2024-01-14,S001,P0012,0.0
2024-01-15,S001,P0012,0.0
2024-01-16,S001,P0012,87.0
2024-01-17,S001,P0012,127.0
2024-01-18,S001,P0012,175.0
2024-01-19,S001,P0012,0.0
2024-01-20,S001,P0012,293.0
2024-01-21,S001,P0012,0.0
2024-01-22,S001,P0012,190.0
2024-01-23,S001,P0012,0.0
2024-01-24,S001,P0012,238.0
2024-01-25,S001,P0012,0.0
2024-01-26,S001,P0012,125.0
2024-01-27,S001,P0012,224.0
2024-01-28,S001,P0012,0.0
2024-01-29,S001,P0012,0.0
2024-01-30,S001,P0012,0.0
2023-10-31,S001,P0013,213.0
2023-11-01,S001,P0013,0.0
2023-11-02,S001,P0013,197.0
2023-11-03,S001,P0013,0.0
2023-11-04,S001,P0013,527.0
2023-11-05,S001,P0013,0.0
2023-11-06,S001,P0013,0.0
2023-11-07,S001,P0013,0.0
2023-11-08,S001,P0013,0.0
2023-11-09,S001,P0013,215.0
2023-11-10,S001,P0013,0.0
2023-11-11,S001,P0013,0.0
2023-11-12,S001,P0013,224.0
2023-11-13,S001,P0013,0.0
2023-11-14,S001,P0013,0.0
2023-11-15,S001,P0013,429.0
2023-11-16,S001,P0013,0.0
2023-11-17,S001,P0013,0.0
2023-11-18,S001,P0013,0.0
2023-11-19,S001,P0013,0.0
2023-11-20,S001,P0013,0.0
2023-11-21,S001,P0013,771.0
2023-11-22,S001,P0013,0.0
2023-11-23,S001,P0013,0.0
2023-11-24,S001,P0013,0.0
2023-11-25,S001,P0013,0.0
2023-11-26,S001,P0013,0.0
2023-11-27,S001,P0013,0.0
2023-11-28,S001,P0013,0.0
2023-11-29,S001,P0013,0.0
2023-11-30,S001,P0013,299.0
2023-12-01,S001,P0013,0.0
2023-12-02,S001,P0013,0.0
2023-12-03,S001,P0013,294.0
2023-12-04,S001,P0013,0.0
2023-12-05,S001,P0013,0.0
2023-12-06,S001,P0013,322.0
2023-12-07,S001,P0013,0.0
2023-12-08,S001,P0013,0.0
2023-12-09,S001,P0013,146.0
2023-12-10,S001,P0013,0.0
2023-12-11,S001,P0013,675.0
2023-12-12,S001,P0013,0.0
2023-12-13,S001,P0013,0.0
2023-12-14,S001,P0013,0.0
2023-12-15,S001,P0013,0.0
2023-12-16,S001,P0013,0.0
2023-12-17,S001,P0013,0.0
2023-12-18,S001,P0013,354.0
2023-12-19,S001,P0013,0.0
2023-12-20,S001,P0013,0.0
2023-12-21,S001,P0013,636.0
2023-12-22,S001,P0013,0.0
2023-12-23,S001,P0013,0.0
2023-12-24,S001,P0013,0.0
2023-12-25,S001,P0013,0.0
2023-12-26,S001,P0013,0.0
2023-12-27,S001,P0013,102.0
2023-12-28,S001,P0013,0.0
2023-12-29,S001,P0013,0.0
2023-12-30,S001,P0013,92.0
2023-12-31,S001,P0013,0.0
2024-01-01,S001,P0013,0.0
2024-01-02,S001,P0013,0.0
2024-01-03,S001,P0013,70.0
2024-01-04,S001,P0013,0.0
2024-01-05,S001,P0013,50.0
2024-01-06,S001,P0013,0.0
2024-01-07,S001,P0013,53.0
2024-01-08,S001,P0013,0.0
2024-01-09,S001,P0013,292.0
2024-01-10,S001,P0013,0.0
2024-01-11,S001,P0013,110.0
2024-01-12,S001,P0013,0.0
2024-01-13,S001,P0013,278.0
2024-01-14,S001,P0013,0.0
2024-01-15,S001,P0013,0.0
2024-01-16,S001,P0013,287.0
2024-01-17,S001,P0013,0.0
2024-01-18,S001,P0013,166.0
2024-01-19,S001,P0013,0.0
2024-01-20,S001,P0013,252.0
2024-01-21,S001,P0013,0.0
2024-01-22,S001,P0013,274.0
2024-01-23,S001,P0013,0.0
2024-01-24,S001,P0013,0.0
2024-01-25,S001,P0013,278.0
2024-01-26,S001,P0013,0.0
2024-01-27,S001,P0013,126.0
2024-01-28,S001,P0013,0.0
2024-01-29,S001,P0013,0.0
2024-01-30,S001,P0013,0.0
2023-10-31,S001,P0014,116.0
2023-11-01,S001,P0014,138.0
2023-11-02,S001,P0014,277.0
2023-11-03,S001,P0014,0.0
2023-11-04,S001,P0014,168.0
2023-11-05,S001,P0014,0.0
2023-11-06,S001,P0014,102.0
2023-11-07,S001,P0014,98.0
2023-11-08,S001,P0014,172.0
2023-11-09,S001,P0014,0.0
2023-11-10,S001,P0014,417.0
2023-11-11,S001,P0014,0.0
2023-11-12,S001,P0014,0.0
2023-11-13,S001,P0014,140.0
2023-11-14,S001,P0014,153.0
2023-11-15,S001,P0014,231.0
2023-11-16,S001,P0014,0.0
2023-11-17,S001,P0014,75.0
2023-11-18,S001,P0014,247.0
2023-11-19,S001,P0014,0.0
2023-11-20,S001,P0014,406.0
2023-11-21,S001,P0014,0.0
2023-11-22,S001,P0014,0.0
2023-11-23,S001,P0014,0.0
2023-11-24,S001,P0014,326.0
2023-11-25,S001,P0014,0.0
2023-11-26,S001,P0014,422.0
2023-11-27,S001,P0014,0.0
2023-11-28,S001,P0014,0.0
2023-11-29,S001,P0014,0.0
2023-11-30,S001,P0014,423.0
2023-12-01,S001,P0014,0.0
2023-12-02,S001,P0014,0.0
2023-12-03,S001,P0014,0.0
2023-12-04,S001,P0014,90.0
2023-12-05,S001,P0014,0.0
2023-12-06,S001,P0014,137.0
2023-12-07,S001,P0014,0.0
2023-12-08,S001,P0014,263.0
2023-12-09,S001,P0014,0.0
2023-12-10,S001,P0014,360.0
2023-12-11,S001,P0014,0.0
2023-12-12,S001,P0014,0.0
2023-12-13,S001,P0014,139.0
2023-12-14,S001,P0014,286.0
2023-12-15,S001,P0014,0.0
2023-12-16,S001,P0014,507.0
2023-12-17,S001,P0014,0.0
2023-12-18,S001,P0014,0.0
2023-12-19,S001,P0014,0.0
2023-12-20,S001,P0014,133.0
2023-12-21,S001,P0014,503.0
2023-12-22,S001,P0014,0.0
2023-12-23,S001,P0014,0.0
2023-12-24,S001,P0014,0.0
2023-12-25,S001,P0014,431.0
2023-12-26,S001,P0014,0.0
2023-12-27,S001,P0014,0.0
2023-12-28,S001,P0014,0.0
2023-12-29,S001,P0014,0.0
2023-12-30,S001,P0014,75.0
2023-12-31,S001,P0014,235.0
2024-01-01,S001,P0014,0.0
2024-01-02,S001,P0014,0.0
2024-01-03,S001,P0014,117.0
2024-01-04,S001,P0014,0.0
2024-01-05,S001,P0014,176.0
2024-01-06,S001,P0014,0.0
2024-01-07,S001,P0014,207.0
2024-01-08,S001,P0014,0.0
2024-01-09,S001,P0014,108.0
2024-01-10,S001,P0014,360.0
2024-01-11,S001,P0014,0.0
2024-01-12,S001,P0014,0.0
2024-01-13,S001,P0014,315.0
2024-01-14,S001,P0014,0.0
2024-01-15,S001,P0014,0.0
2024-01-16,S001,P0014,76.0
2024-01-17,S001,P0014,52.0
2024-01-18,S001,P0014,278.0
2024-01-19,S001,P0014,0.0
2024-01-20,S001,P0014,314.0
2024-01-21,S001,P0014,0.0
2024-01-22,S001,P0014,279.0
2024-01-23,S001,P0014,0.0
2024-01-24,S001,P0014,172.0
2024-01-25,S001,P0014,183.0
2024-01-26,S001,P0014,0.0
2024-01-27,S001,P0014,237.0
2024-01-28,S001,P0014,0.0
2024-01-29,S001,P0014,0.0
2024-01-30,S001,P0014,0.0
2023-10-31,S001,P0015,638.0
2023-11-01,S001,P0015,0.0
2023-11-02,S001,P0015,0.0
2023-11-03,S001,P0015,0.0
2023-11-04,S001,P0015,0.0
2023-11-05,S001,P0015,0.0
2023-11-06,S001,P0015,0.0
2023-11-07,S001,P0015,0.0
2023-11-08,S001,P0015,253.0
2023-11-09,S001,P0015,0.0
2023-11-10,S001,P0015,376.0
2023-11-11,S001,P0015,0.0
2023-11-12,S001,P0015,0.0
2023-11-13,S001,P0015,0.0
2023-11-14,S001,P0015,210.0
2023-11-15,S001,P0015,0.0
2023-11-16,S001,P0015,171.0
2023-11-17,S001,P0015,0.0
2023-11-18,S001,P0015,472.0
2023-11-19,S001,P0015,0.0
2023-11-20,S001,P0015,0.0
2023-11-21,S001,P0015,0.0
2023-11-22,S001,P0015,389.0
2023-11-23,S001,P0015,0.0
2023-11-24,S001,P0015,0.0
2023-11-25,S001,P0015,0.0
2023-11-26,S001,P0015,501.0
2023-11-27,S001,P0015,0.0
2023-11-28,S001,P0015,0.0
2023-11-29,S001,P0015,0.0
2023-11-30,S001,P0015,284.0
2023-12-01,S001,P0015,0.0
2023-12-02,S001,P0015,0.0
2023-12-03,S001,P0015,279.0
2023-12-04,S001,P0015,0.0
2023-12-05,S001,P0015,0.0
2023-12-06,S001,P0015,200.0
2023-12-07,S001,P0015,0.0
2023-12-08,S001,P0015,0.0
2023-12-09,S001,P0015,134.0
2023-12-10,S001,P0015,0.0
2023-12-11,S001,P0015,311.0
2023-12-12,S001,P0015,0.0
2023-12-13,S001,P0015,0.0
2023-12-14,S001,P0015,0.0
2023-12-15,S001,P0015,184.0
2023-12-16,S001,P0015,0.0
2023-12-17,S001,P0015,335.0
2023-12-18,S001,P0015,0.0
2023-12-19,S001,P0015,0.0
2023-12-20,S001,P0015,141.0
2023-12-21,S001,P0015,0.0
2023-12-22,S001,P0015,254.0
2023-12-23,S001,P0015,0.0
2023-12-24,S001,P0015,195.0
2023-12-25,S001,P0015,0.0
2023-12-26,S001,P0015,235.0
2023-12-27,S001,P0015,0.0
2023-12-28,S001,P0015,0.0
2023-12-29,S001,P0015,0.0
2023-12-30,S001,P0015,101.0
2023-12-31,S001,P0015,0.0
2024-01-01,S001,P0015,30.0
2024-01-02,S001,P0015,0.0
2024-01-03,S001,P0015,43.0
2024-01-04,S001,P0015,0.0
2024-01-05,S001,P0015,119.0
2024-01-06,S001,P0015,0.0
2024-01-07,S001,P0015,26.0
2024-01-08,S001,P0015,0.0
2024-01-09,S001,P0015,211.0
2024-01-10,S001,P0015,0.0
2024-01-11,S001,P0015,202.0
2024-01-12,S001,P0015,0.0
2024-01-13,S001,P0015,376.0
2024-01-14,S001,P0015,0.0
2024-01-15,S001,P0015,0.0
2024-01-16,S001,P0015,681.0
2024-01-17,S001,P0015,0.0
2024-01-18,S001,P0015,0.0
2024-01-19,S001,P0015,0.0
2024-01-20,S001,P0015,0.0
2024-01-21,S001,P0015,0.0
2024-01-22,S001,P0015,291.0
2024-01-23,S001,P0015,0.0
2024-01-24,S001,P0015,0.0
2024-01-25,S001,P0015,318.0
2024-01-26,S001,P0015,0.0
2024-01-27,S001,P0015,224.0
2024-01-28,S001,P0015,0.0
2024-01-29,S001,P0015,0.0
2024-01-30,S001,P0015,0.0
2023-10-31,S001,P0016,371.0
2023-11-01,S001,P0016,0.0
2023-11-02,S001,P0016,0.0
2023-11-03,S001,P0016,266.0
2023-11-04,S001,P0016,0.0
2023-11-05,S001,P0016,256.0
2023-11-06,S001,P0016,0.0
2023-11-07,S001,P0016,225.0
2023-11-08,S001,P0016,0.0
2023-11-09,S001,P0016,160.0
2023-11-10,S001,P0016,0.0
2023-11-11,S001,P0016,405.0
2023-11-12,S001,P0016,0.0
2023-11-13,S001,P0016,0.0
2023-11-14,S001,P0016,0.0
2023-11-15,S001,P0016,144.0
2023-11-16,S001,P0016,0.0
2023-11-17,S001,P0016,274.0
2023-11-18,S001,P0016,0.0
2023-11-19,S001,P0016,824.0
2023-11-20,S001,P0016,0.0
2023-11-21,S001,P0016,0.0
2023-11-22,S001,P0016,0.0
2023-11-23,S001,P0016,0.0
2023-11-24,S001,P0016,0.0
2023-11-25,S001,P0016,222.0
2023-11-26,S001,P0016,0.0
2023-11-27,S001,P0016,364.0
2023-11-28,S001,P0016,0.0
2023-11-29,S001,P0016,0.0
2023-11-30,S001,P0016,317.0
2023-12-01,S001,P0016,0.0
2023-12-02,S001,P0016,0.0
2023-12-03,S001,P0016,533.0
2023-12-04,S001,P0016,0.0
2023-12-05,S001,P0016,0.0
2023-12-06,S001,P0016,335.0
2023-12-07,S001,P0016,0.0
2023-12-08,S001,P0016,377.0
2023-12-09,S001,P0016,0.0
2023-12-10,S001,P0016,0.0
2023-12-11,S001,P0016,0.0
2023-12-12,S001,P0016,448.0
2023-12-13,S001,P0016,0.0
2023-12-14,S001,P0016,0.0
2023-12-15,S001,P0016,270.0
2023-12-16,S001,P0016,0.0
2023-12-17,S001,P0016,0.0
2023-12-18,S001,P0016,846.0
2023-12-19,S001,P0016,0.0
2023-12-20,S001,P0016,0.0
2023-12-21,S001,P0016,0.0
2023-12-22,S001,P0016,0.0
2023-12-23,S001,P0016,0.0
2023-12-24,S001,P0016,0.0
2023-12-25,S001,P0016,228.0
2023-12-26,S001,P0016,0.0
2023-12-27,S001,P0016,0.0
2023-12-28,S001,P0016,185.0
2023-12-29,S001,P0016,0.0
2023-12-30,S001,P0016,124.0
2023-12-31,S001,P0016,0.0
2024-01-01,S001,P0016,144.0
2024-01-02,S001,P0016,0.0
2024-01-03,S001,P0016,143.0
2024-01-04,S001,P0016,0.0
2024-01-05,S001,P0016,145.0
2024-01-06,S001,P0016,0.0
2024-01-07,S001,P0016,188.0
2024-01-08,S001,P0016,0.0
2024-01-09,S001,P0016,208.0
2024-01-10,S001,P0016,0.0
2024-01-11,S001,P0016,948.0
2024-01-12,S001,P0016,0.0
2024-01-13,S001,P0016,0.0
2024-01-14,S001,P0016,0.0
2024-01-15,S001,P0016,0.0
2024-01-16,S001,P0016,0.0
2024-01-17,S001,P0016,0.0
2024-01-18,S001,P0016,286.0
2024-01-19,S001,P0016,0.0
2024-01-20,S001,P0016,595.0
2024-01-21,S001,P0016,0.0
2024-01-22,S001,P0016,0.0
2024-01-23,S001,P0016,0.0
2024-01-24,S001,P0016,415.0
2024-01-25,S001,P0016,0.0
2024-01-26,S001,P0016,0.0
2024-01-27,S001,P0016,202.0
2024-01-28,S001,P0016,0.0
2024-01-29,S001,P0016,0.0
2024-01-30,S001,P0016,0.0
2023-10-31,S001,P0017,252.0
2023-11-01,S001,P0017,0.0
2023-11-02,S001,P0017,0.0
2023-11-03,S001,P0017,173.0
2023-11-04,S001,P0017,0.0
2023-11-05,S001,P0017,168.0
2023-11-06,S001,P0017,0.0
2023-11-07,S001,P0017,238.0
2023-11-08,S001,P0017,0.0
2023-11-09,S001,P0017,99.0
2023-11-10,S001,P0017,0.0
2023-11-11,S001,P0017,935.0
2023-11-12,S001,P0017,0.0
2023-11-13,S001,P0017,0.0
2023-11-14,S001,P0017,0.0
2023-11-15,S001,P0017,0.0
2023-11-16,S001,P0017,0.0
2023-11-17,S001,P0017,0.0
2023-11-18,S001,P0017,0.0
2023-11-19,S001,P0017,0.0
2023-11-20,S001,P0017,0.0
2023-11-21,S001,P0017,511.0
2023-11-22,S001,P0017,0.0
2023-11-23,S001,P0017,0.0
2023-11-24,S001,P0017,0.0
2023-11-25,S001,P0017,0.0
2023-11-26,S001,P0017,380.0
2023-11-27,S001,P0017,0.0
2023-11-28,S001,P0017,0.0
2023-11-29,S001,P0017,0.0
2023-11-30,S001,P0017,245.0
2023-12-01,S001,P0017,0.0
2023-12-02,S001,P0017,174.0
2023-12-03,S001,P0017,0.0
2023-12-04,S001,P0017,106.0
2023-12-05,S001,P0017,0.0
2023-12-06,S001,P0017,234.0
2023-12-07,S001,P0017,0.0
2023-12-08,S001,P0017,200.0
2023-12-09,S001,P0017,0.0
2023-12-10,S001,P0017,463.0
2023-12-11,S001,P0017,0.0
2023-12-12,S001,P0017,0.0
2023-12-13,S001,P0017,314.0
2023-12-14,S001,P0017,0.0
2023-12-15,S001,P0017,0.0
2023-12-16,S001,P0017,309.0
2023-12-17,S001,P0017,0.0
2023-12-18,S001,P0017,0.0
2023-12-19,S001,P0017,259.0
2023-12-20,S001,P0017,0.0
2023-12-21,S001,P0017,546.0
2023-12-22,S001,P0017,0.0
2023-12-23,S001,P0017,0.0
2023-12-24,S001,P0017,0.0
2023-12-25,S001,P0017,0.0
2023-12-26,S001,P0017,229.0
2023-12-27,S001,P0017,0.0
2023-12-28,S001,P0017,0.0
2023-12-29,S001,P0017,0.0
2023-12-30,S001,P0017,58.0
2023-12-31,S001,P0017,0.0
2024-01-01,S001,P0017,44.0
2024-01-02,S001,P0017,0.0
2024-01-03,S001,P0017,39.0
2024-01-04,S001,P0017,0.0
2024-01-05,S001,P0017,20.0
2024-01-06,S001,P0017,0.0
2024-01-07,S001,P0017,46.0
2024-01-08,S001,P0017,0.0
2024-01-09,S001,P0017,165.0
2024-01-10,S001,P0017,0.0
2024-01-11,S001,P0017,169.0
2024-01-12,S001,P0017,0.0
2024-01-13,S001,P0017,300.0
2024-01-14,S001,P0017,0.0
2024-01-15,S001,P0017,0.0
2024-01-16,S001,P0017,204.0
2024-01-17,S001,P0017,0.0
2024-01-18,S001,P0017,227.0
2024-01-19,S001,P0017,0.0
2024-01-20,S001,P0017,638.0
2024-01-21,S001,P0017,0.0
2024-01-22,S001,P0017,0.0
2024-01-23,S001,P0017,0.0
2024-01-24,S001,P0017,277.0
2024-01-25,S001,P0017,0.0
2024-01-26,S001,P0017,0.0
2024-01-27,S001,P0017,275.0
2024-01-28,S001,P0017,0.0
2024-01-29,S001,P0017,0.0
2024-01-30,S001,P0017,0.0
2023-10-31,S001,P0018,357.0
2023-11-01,S001,P0018,0.0
2023-11-02,S001,P0018,0.0
2023-11-03,S001,P0018,148.0
2023-11-04,S001,P0018,0.0
2023-11-05,S001,P0018,147.0
2023-11-06,S001,P0018,0.0
2023-11-07,S001,P0018,545.0
2023-11-08,S001,P0018,0.0
2023-11-09,S001,P0018,0.0
2023-11-10,S001,P0018,475.0
2023-11-11,S001,P0018,0.0
2023-11-12,S001,P0018,0.0
2023-11-13,S001,P0018,0.0
2023-11-14,S001,P0018,0.0
2023-11-15,S001,P0018,270.0
2023-11-16,S001,P0018,0.0
2023-11-17,S001,P0018,274.0
2023-11-18,S001,P0018,0.0
2023-11-19,S001,P0018,0.0
2023-11-20,S001,P0018,117.0
2023-11-21,S001,P0018,728.0
2023-11-22,S001,P0018,0.0
2023-11-23,S001,P0018,0.0
2023-11-24,S001,P0018,0.0
2023-11-25,S001,P0018,0.0
2023-11-26,S001,P0018,366.0
2023-11-27,S001,P0018,0.0
2023-11-28,S001,P0018,0.0
2023-11-29,S001,P0018,0.0
2023-11-30,S001,P0018,384.0
2023-12-01,S001,P0018,0.0
2023-12-02,S001,P0018,0.0
2023-12-03,S001,P0018,410.0
2023-12-04,S001,P0018,0.0
2023-12-05,S001,P0018,0.0
2023-12-06,S001,P0018,243.0
2023-12-07,S001,P0018,0.0
2023-12-08,S001,P0018,238.0
2023-12-09,S001,P0018,0.0
2023-12-10,S001,P0018,393.0
2023-12-11,S001,P0018,0.0
2023-12-12,S001,P0018,0.0
2023-12-13,S001,P0018,444.0
2023-12-14,S001,P0018,0.0
2023-12-15,S001,P0018,0.0
2023-12-16,S001,P0018,0.0
2023-12-17,S001,P0018,304.0
2023-12-18,S001,P0018,0.0
2023-12-19,S001,P0018,0.0
2023-12-20,S001,P0018,361.0
2023-12-21,S001,P0018,0.0
2023-12-22,S001,P0018,0.0
2023-12-23,S001,P0018,365.0
2023-12-24,S001,P0018,0.0
2023-12-25,S001,P0018,0.0
2023-12-26,S001,P0018,376.0
2023-12-27,S001,P0018,0.0
2023-12-28,S001,P0018,0.0
2023-12-29,S001,P0018,0.0
2023-12-30,S001,P0018,56.0
2023-12-31,S001,P0018,253.0
2024-01-01,S001,P0018,0.0
2024-01-02,S001,P0018,0.0
2024-01-03,S001,P0018,119.0
2024-01-04,S001,P0018,0.0
2024-01-05,S001,P0018,175.0
2024-01-06,S001,P0018,0.0
2024-01-07,S001,P0018,132.0
2024-01-08,S001,P0018,0.0
2024-01-09,S001,P0018,173.0
2024-01-10,S001,P0018,0.0
2024-01-11,S001,P0018,564.0
2024-01-12,S001,P0018,0.0
2024-01-13,S001,P0018,0.0
2024-01-14,S001,P0018,0.0
2024-01-15,S001,P0018,0.0
2024-01-16,S001,P0018,0.0
2024-01-17,S001,P0018,148.0
2024-01-18,S001,P0018,271.0
2024-01-19,S001,P0018,0.0
2024-01-20,S001,P0018,299.0
2024-01-21,S001,P0018,0.0
2024-01-22,S001,P0018,255.0
2024-01-23,S001,P0018,0.0
2024-01-24,S001,P0018,450.0
2024-01-25,S001,P0018,0.0
2024-01-26,S001,P0018,0.0
2024-01-27,S001,P0018,401.0
2024-01-28,S001,P0018,0.0
2024-01-29,S001,P0018,0.0
2024-01-30,S001,P0018,0.0
2023-10-31,S001,P0019,42.0
2023-11-01,S001,P0019,124.0
2023-11-02,S001,P0019,182.0
2023-11-03,S001,P0019,0.0
2023-11-04,S001,P0019,173.0
2023-11-05,S001,P0019,0.0
2023-11-06,S001,P0019,75.0
2023-11-07,S001,P0019,86.0
2023-11-08,S001,P0019,85.0
2023-11-09,S001,P0019,107.0
2023-11-10,S001,P0019,0.0
2023-11-11,S001,P0019,363.0
2023-11-12,S001,P0019,0.0
2023-11-13,S001,P0019,0.0
2023-11-14,S001,P0019,0.0
2023-11-15,S001,P0019,0.0
2023-11-16,S001,P0019,85.0
2023-11-17,S001,P0019,0.0
2023-11-18,S001,P0019,153.0
2023-11-19,S001,P0019,0.0
2023-11-20,S001,P0019,88.0
2023-11-21,S001,P0019,83.0
2023-11-22,S001,P0019,289.0
2023-11-23,S001,P0019,0.0
2023-11-24,S001,P0019,0.0
2023-11-25,S001,P0019,0.0
2023-11-26,S001,P0019,126.0
2023-11-27,S001,P0019,233.0
2023-11-28,S001,P0019,0.0
2023-11-29,S001,P0019,139.0
2023-11-30,S001,P0019,268.0
2023-12-01,S001,P0019,0.0
2023-12-02,S001,P0019,0.0
2023-12-03,S001,P0019,292.0
2023-12-04,S001,P0019,0.0
2023-12-05,S001,P0019,0.0
2023-12-06,S001,P0019,271.0
2023-12-07,S001,P0019,0.0
2023-12-08,S001,P0019,0.0
2023-12-09,S001,P0019,167.0
2023-12-10,S001,P0019,0.0
2023-12-11,S001,P0019,317.0
2023-12-12,S001,P0019,0.0
2023-12-13,S001,P0019,0.0
2023-12-14,S001,P0019,188.0
2023-12-15,S001,P0019,0.0
2023-12-16,S001,P0019,0.0
2023-12-17,S001,P0019,267.0
2023-12-18,S001,P0019,0.0
2023-12-19,S001,P0019,0.0
2023-12-20,S001,P0019,62.0
2023-12-21,S001,P0019,125.0
2023-12-22,S001,P0019,0.0
2023-12-23,S001,P0019,248.0
2023-12-24,S001,P0019,0.0
2023-12-25,S001,P0019,0.0
2023-12-26,S001,P0019,161.0
2023-12-27,S001,P0019,0.0
2023-12-28,S001,P0019,0.0
2023-12-29,S001,P0019,0.0
2023-12-30,S001,P0019,96.0
2023-12-31,S001,P0019,0.0
2024-01-01,S001,P0019,36.0
2024-01-02,S001,P0019,0.0
2024-01-03,S001,P0019,67.0
2024-01-04,S001,P0019,0.0
2024-01-05,S001,P0019,69.0
2024-01-06,S001,P0019,0.0
2024-01-07,S001,P0019,69.0
2024-01-08,S001,P0019,0.0
2024-01-09,S001,P0019,141.0
2024-01-10,S001,P0019,0.0
2024-01-11,S001,P0019,0.0
2024-01-12,S001,P0019,303.0
2024-01-13,S001,P0019,0.0
2024-01-14,S001,P0019,0.0
2024-01-15,S001,P0019,189.0
2024-01-16,S001,P0019,0.0
2024-01-17,S001,P0019,0.0
2024-01-18,S001,P0019,154.0
2024-01-19,S001,P0019,0.0
2024-01-20,S001,P0019,260.0
2024-01-21,S001,P0019,0.0
2024-01-22,S001,P0019,0.0
2024-01-23,S001,P0019,0.0
2024-01-24,S001,P0019,421.0
2024-01-25,S001,P0019,0.0
2024-01-26,S001,P0019,0.0
2024-01-27,S001,P0019,157.0
2024-01-28,S001,P0019,0.0
2024-01-29,S001,P0019,0.0
2024-01-30,S001,P0019,0.0
2023-10-31,S001,P0020,79.0
2023-11-01,S001,P0020,237.0
2023-11-02,S001,P0020,0.0
2023-11-03,S001,P0020,0.0
2023-11-04,S001,P0020,313.0
2023-11-05,S001,P0020,0.0
2023-11-06,S001,P0020,0.0
2023-11-07,S001,P0020,0.0
2023-11-08,S001,P0020,0.0
2023-11-09,S001,P0020,118.0
2023-11-10,S001,P0020,0.0
2023-11-11,S001,P0020,58.0
2023-11-12,S001,P0020,218.0
2023-11-13,S001,P0020,0.0
2023-11-14,S001,P0020,0.0
2023-11-15,S001,P0020,241.0
2023-11-16,S001,P0020,0.0
2023-11-17,S001,P0020,0.0
2023-11-18,S001,P0020,154.0
2023-11-19,S001,P0020,0.0
2023-11-20,S001,P0020,35.0
2023-11-21,S001,P0020,65.0
2023-11-22,S001,P0020,232.0
2023-11-23,S001,P0020,0.0
2023-11-24,S001,P0020,0.0
2023-11-25,S001,P0020,0.0
2023-11-26,S001,P0020,342.0
2023-11-27,S001,P0020,0.0
2023-11-28,S001,P0020,0.0
2023-11-29,S001,P0020,0.0
2023-11-30,S001,P0020,294.0
2023-12-01,S001,P0020,0.0
2023-12-02,S001,P0020,0.0
2023-12-03,S001,P0020,252.0
2023-12-04,S001,P0020,0.0
2023-12-05,S001,P0020,0.0
2023-12-06,S001,P0020,151.0
2023-12-07,S001,P0020,0.0
2023-12-08,S001,P0020,68.0
2023-12-09,S001,P0020,113.0
2023-12-10,S001,P0020,0.0
2023-12-11,S001,P0020,294.0
2023-12-12,S001,P0020,0.0
2023-12-13,S001,P0020,0.0
2023-12-14,S001,P0020,259.0
2023-12-15,S001,P0020,0.0
2023-12-16,S001,P0020,0.0
2023-12-17,S001,P0020,238.0
2023-12-18,S001,P0020,0.0
2023-12-19,S001,P0020,0.0
2023-12-20,S001,P0020,79.0
2023-12-21,S001,P0020,330.0
2023-12-22,S001,P0020,0.0
2023-12-23,S001,P0020,0.0
2023-12-24,S001,P0020,0.0
2023-12-25,S001,P0020,89.0
2023-12-26,S001,P0020,182.0
2023-12-27,S001,P0020,0.0
2023-12-28,S001,P0020,0.0
2023-12-29,S001,P0020,0.0
2023-12-30,S001,P0020,42.0
2023-12-31,S001,P0020,0.0
2024-01-01,S001,P0020,91.0
2024-01-02,S001,P0020,0.0
2024-01-03,S001,P0020,0.0
2024-01-04,S001,P0020,18.0
2024-01-05,S001,P0020,90.0
2024-01-06,S001,P0020,0.0
2024-01-07,S001,P0020,52.0
2024-01-08,S001,P0020,0.0
2024-01-09,S001,P0020,124.0
2024-01-10,S001,P0020,0.0
2024-01-11,S001,P0020,109.0
2024-01-12,S001,P0020,197.0
2024-01-13,S001,P0020,0.0
2024-01-14,S001,P0020,0.0
2024-01-15,S001,P0020,204.0
2024-01-16,S001,P0020,0.0
2024-01-17,S001,P0020,0.0
2024-01-18,S001,P0020,184.0
2024-01-19,S001,P0020,0.0
2024-01-20,S001,P0020,170.0
2024-01-21,S001,P0020,0.0
2024-01-22,S001,P0020,137.0
2024-01-23,S001,P0020,0.0
2024-01-24,S001,P0020,199.0
2024-01-25,S001,P0020,0.0
2024-01-26,S001,P0020,0.0
2024-01-27,S001,P0020,182.0
2024-01-28,S001,P0020,0.0
2024-01-29,S001,P0020,0.0
2024-01-30,S001,P0020,0.0
2023-10-31,S002,P0001,164.0
2023-11-01,S002,P0001,564.0
2023-11-02,S002,P0001,0.0
2023-11-03,S002,P0001,0.0
2023-11-04,S002,P0001,127.0
2023-11-05,S002,P0001,136.0
2023-11-06,S002,P0001,334.0
2023-11-07,S002,P0001,0.0
2023-11-08,S002,P0001,0.0
2023-11-09,S002,P0001,774.0
2023-11-10,S002,P0001,0.0
2023-11-11,S002,P0001,0.0
2023-11-12,S002,P0001,0.0
2023-11-13,S002,P0001,0.0
2023-11-14,S002,P0001,109.0
2023-11-15,S002,P0001,211.0
2023-11-16,S002,P0001,0.0
2023-11-17,S002,P0001,112.0
2023-11-18,S002,P0001,192.0
2023-11-19,S002,P0001,0.0
2023-11-20,S002,P0001,178.0
2023-11-21,S002,P0001,104.0
2023-11-22,S002,P0001,264.0
2023-11-23,S002,P0001,0.0
2023-11-24,S002,P0001,139.0
2023-11-25,S002,P0001,0.0
2023-11-26,S002,P0001,30.0
2023-11-27,S002,P0001,74.0
2023-11-28,S002,P0001,42.0
2023-11-29,S002,P0001,112.0
2023-11-30,S002,P0001,388.0
2023-12-01,S002,P0001,0.0
2023-12-02,S002,P0001,0.0
2023-12-03,S002,P0001,116.0
2023-12-04,S002,P0001,258.0
2023-12-05,S002,P0001,0.0
2023-12-06,S002,P0001,143.0
2023-12-07,S002,P0001,161.0
2023-12-08,S002,P0001,427.0
2023-12-09,S002,P0001,0.0
2023-12-10,S002,P0001,0.0
2023-12-11,S002,P0001,328.0
2023-12-12,S002,P0001,0.0
2023-12-13,S002,P0001,0.0
2023-12-14,S002,P0001,346.0
2023-12-15,S002,P0001,0.0
2023-12-16,S002,P0001,274.0
2023-12-17,S002,P0001,0.0
2023-12-18,S002,P0001,0.0
2023-12-19,S002,P0001,207.0
2023-12-20,S002,P0001,0.0
2023-12-21,S002,P0001,145.0
2023-12-22,S002,P0001,127.0
2023-12-23,S002,P0001,388.0
2023-12-24,S002,P0001,0.0
2023-12-25,S002,P0001,0.0
2023-12-26,S002,P0001,370.0
2023-12-27,S002,P0001,0.0
2023-12-28,S002,P0001,0.0
2023-12-29,S002,P0001,0.0
2023-12-30,S002,P0001,58.0
2023-12-31,S002,P0001,263.0
2024-01-01,S002,P0001,0.0
2024-01-02,S002,P0001,0.0
2024-01-03,S002,P0001,113.0
2024-01-04,S002,P0001,67.0
2024-01-05,S002,P0001,142.0
2024-01-06,S002,P0001,0.0
2024-01-07,S002,P0001,155.0
2024-01-08,S002,P0001,0.0
2024-01-09,S002,P0001,93.0
2024-01-10,S002,P0001,78.0
2024-01-11,S002,P0001,143.0
2024-01-12,S002,P0001,352.0
2024-01-13,S002,P0001,0.0
2024-01-14,S002,P0001,0.0
2024-01-15,S002,P0001,120.0
2024-01-16,S002,P0001,129.0
2024-01-17,S002,P0001,154.0
2024-01-18,S002,P0001,371.0
2024-01-19,S002,P0001,0.0
2024-01-20,S002,P0001,392.0
2024-01-21,S002,P0001,0.0
2024-01-22,S002,P0001,0.0
2024-01-23,S002,P0001,0.0
2024-01-24,S002,P0001,138.0
2024-01-25,S002,P0001,0.0
2024-01-26,S002,P0001,102.0
2024-01-27,S002,P0001,301.0
2024-01-28,S002,P0001,0.0
2024-01-29,S002,P0001,0.0
2024-01-30,S002,P0001,0.0
2023-10-31,S002,P0002,687.0
2023-11-01,S002,P0002,0.0
2023-11-02,S002,P0002,0.0
2023-11-03,S002,P0002,0.0
2023-11-04,S002,P0002,0.0
2023-11-05,S002,P0002,0.0
2023-11-06,S002,P0002,0.0
2023-11-07,S002,P0002,371.0
2023-11-08,S002,P0002,0.0
2023-11-09,S002,P0002,0.0
2023-11-10,S002,P0002,240.0
2023-11-11,S002,P0002,0.0
2023-11-12,S002,P0002,218.0
2023-11-13,S002,P0002,0.0
2023-11-14,S002,P0002,239.0
2023-11-15,S002,P0002,0.0
2023-11-16,S002,P0002,106.0
2023-11-17,S002,P0002,0.0
2023-11-18,S002,P0002,353.0
2023-11-19,S002,P0002,0.0
2023-11-20,S002,P0002,0.0
2023-11-21,S002,P0002,0.0
2023-11-22,S002,P0002,374.0
2023-11-23,S002,P0002,0.0
2023-11-24,S002,P0002,0.0
2023-11-25,S002,P0002,0.0
2023-11-26,S002,P0002,350.0
2023-11-27,S002,P0002,0.0
2023-11-28,S002,P0002,0.0
2023-11-29,S002,P0002,0.0
2023-11-30,S002,P0002,322.0
2023-12-01,S002,P0002,0.0
2023-12-02,S002,P0002,0.0
2023-12-03,S002,P0002,386.0
2023-12-04,S002,P0002,0.0
2023-12-05,S002,P0002,0.0
2023-12-06,S002,P0002,154.0
2023-12-07,S002,P0002,0.0
2023-12-08,S002,P0002,282.0
2023-12-09,S002,P0002,0.0
2023-12-10,S002,P0002,0.0
2023-12-11,S002,P0002,180.0
2023-12-12,S002,P0002,0.0
2023-12-13,S002,P0002,644.0
2023-12-14,S002,P0002,0.0
2023-12-15,S002,P0002,0.0
2023-12-16,S002,P0002,0.0
2023-12-17,S002,P0002,0.0
2023-12-18,S002,P0002,989.0
2023-12-19,S002,P0002,0.0
2023-12-20,S002,P0002,0.0
2023-12-21,S002,P0002,0.0
2023-12-22,S002,P0002,0.0
2023-12-23,S002,P0002,0.0
2023-12-24,S002,P0002,0.0
2023-12-25,S002,P0002,273.0
2023-12-26,S002,P0002,0.0
2023-12-27,S002,P0002,0.0
2023-12-28,S002,P0002,0.0
2023-12-29,S002,P0002,0.0
2023-12-30,S002,P0002,80.0
2023-12-31,S002,P0002,0.0
2024-01-01,S002,P0002,100.0
2024-01-02,S002,P0002,0.0
2024-01-03,S002,P0002,36.0
2024-01-04,S002,P0002,0.0
2024-01-05,S002,P0002,68.0
2024-01-06,S002,P0002,0.0
2024-01-07,S002,P0002,45.0
2024-01-08,S002,P0002,0.0
2024-01-09,S002,P0002,313.0
2024-01-10,S002,P0002,0.0
2024-01-11,S002,P0002,0.0
2024-01-12,S002,P0002,377.0
2024-01-13,S002,P0002,0.0
2024-01-14,S002,P0002,0.0
2024-01-15,S002,P0002,277.0
2024-01-16,S002,P0002,0.0
2024-01-17,S002,P0002,0.0
2024-01-18,S002,P0002,99.0
2024-01-19,S002,P0002,0.0
2024-01-20,S002,P0002,300.0
2024-01-21,S002,P0002,0.0
2024-01-22,S002,P0002,0.0
2024-01-23,S002,P0002,0.0
2024-01-24,S002,P0002,0.0
2024-01-25,S002,P0002,165.0
2024-01-26,S002,P0002,0.0
2024-01-27,S002,P0002,300.0
2024-01-28,S002,P0002,0.0
2024-01-29,S002,P0002,0.0
2024-01-30,S002,P0002,0.0
2023-10-31,S002,P0003,76.0
2023-11-01,S002,P0003,173.0
2023-11-02,S002,P0003,0.0
2023-11-03,S002,P0003,48.0
2023-11-04,S002,P0003,119.0
2023-11-05,S002,P0003,402.0
2023-11-06,S002,P0003,0.0
2023-11-07,S002,P0003,0.0
2023-11-08,S002,P0003,0.0
2023-11-09,S002,P0003,150.0
2023-11-10,S002,P0003,0.0
2023-11-11,S002,P0003,255.0
2023-11-12,S002,P0003,0.0
2023-11-13,S002,P0003,91.0
2023-11-14,S002,P0003,119.0
2023-11-15,S002,P0003,276.0
2023-11-16,S002,P0003,0.0
2023-11-17,S002,P0003,137.0
2023-11-18,S002,P0003,287.0
2023-11-19,S002,P0003,0.0
2023-11-20,S002,P0003,84.0
2023-11-21,S002,P0003,123.0
2023-11-22,S002,P0003,186.0
2023-11-23,S002,P0003,0.0
2023-11-24,S002,P0003,212.0
2023-11-25,S002,P0003,0.0
2023-11-26,S002,P0003,91.0
2023-11-27,S002,P0003,170.0
2023-11-28,S002,P0003,206.0
2023-11-29,S002,P0003,0.0
2023-11-30,S002,P0003,391.0
2023-12-01,S002,P0003,0.0
2023-12-02,S002,P0003,0.0
2023-12-03,S002,P0003,72.0
2023-12-04,S002,P0003,217.0
2023-12-05,S002,P0003,0.0
2023-12-06,S002,P0003,193.0
2023-12-07,S002,P0003,362.0
2023-12-08,S002,P0003,0.0
2023-12-09,S002,P0003,0.0
2023-12-10,S002,P0003,353.0
2023-12-11,S002,P0003,0.0
2023-12-12,S002,P0003,0.0
2023-12-13,S002,P0003,164.0
2023-12-14,S002,P0003,0.0
2023-12-15,S002,P0003,236.0
2023-12-16,S002,P0003,0.0
2023-12-17,S002,P0003,336.0
2023-12-18,S002,P0003,0.0
2023-12-19,S002,P0003,0.0
2023-12-20,S002,P0003,118.0
2023-12-21,S002,P0003,147.0
2023-12-22,S002,P0003,235.0
2023-12-23,S002,P0003,0.0
2023-12-24,S002,P0003,164.0
2023-12-25,S002,P0003,0.0
2023-12-26,S002,P0003,50.0
2023-12-27,S002,P0003,232.0
2023-12-28,S002,P0003,0.0
2023-12-29,S002,P0003,0.0
2023-12-30,S002,P0003,48.0
2023-12-31,S002,P0003,0.0
2024-01-01,S002,P0003,337.0
2024-01-02,S002,P0003,0.0
2024-01-03,S002,P0003,0.0
2024-01-04,S002,P0003,93.0
2024-01-05,S002,P0003,183.0
2024-01-06,S002,P0003,0.0
2024-01-07,S002,P0003,138.0
2024-01-08,S002,P0003,0.0
2024-01-09,S002,P0003,50.0
2024-01-10,S002,P0003,148.0
2024-01-11,S002,P0003,193.0
2024-01-12,S002,P0003,195.0
2024-01-13,S002,P0003,0.0
2024-01-14,S002,P0003,0.0
2024-01-15,S002,P0003,157.0
2024-01-16,S002,P0003,0.0
2024-01-17,S002,P0003,77.0
2024-01-18,S002,P0003,201.0
2024-01-19,S002,P0003,0.0
2024-01-20,S002,P0003,38.0
2024-01-21,S002,P0003,250.0
2024-01-22,S002,P0003,0.0
2024-01-23,S002,P0003,110.0
2024-01-24,S002,P0003,297.0
2024-01-25,S002,P0003,0.0
2024-01-26,S002,P0003,0.0
2024-01-27,S002,P0003,313.0
2024-01-28,S002,P0003,0.0
2024-01-29,S002,P0003,0.0
2024-01-30,S002,P0003,0.0
2023-10-31,S002,P0004,574.0
2023-11-01,S002,P0004,0.0
2023-11-02,S002,P0004,0.0
2023-11-03,S002,P0004,0.0
2023-11-04,S002,P0004,0.0
2023-11-05,S002,P0004,205.0
2023-11-06,S002,P0004,0.0
2023-11-07,S002,P0004,238.0
2023-11-08,S002,P0004,0.0
2023-11-09,S002,P0004,821.0
2023-11-10,S002,P0004,0.0
2023-11-11,S002,P0004,0.0
2023-11-12,S002,P0004,0.0
2023-11-13,S002,P0004,0.0
2023-11-14,S002,P0004,0.0
2023-11-15,S002,P0004,0.0
2023-11-16,S002,P0004,488.0
2023-11-17,S002,P0004,0.0
2023-11-18,S002,P0004,0.0
2023-11-19,S002,P0004,0.0
2023-11-20,S002,P0004,495.0
2023-11-21,S002,P0004,0.0
2023-11-22,S002,P0004,0.0
2023-11-23,S002,P0004,0.0
2023-11-24,S002,P0004,278.0
2023-11-25,S002,P0004,0.0
2023-11-26,S002,P0004,393.0
2023-11-27,S002,P0004,0.0
2023-11-28,S002,P0004,0.0
2023-11-29,S002,P0004,0.0
2023-11-30,S002,P0004,261.0
2023-12-01,S002,P0004,0.0
2023-12-02,S002,P0004,0.0
2023-12-03,S002,P0004,424.0
2023-12-04,S002,P0004,0.0
2023-12-05,S002,P0004,0.0
2023-12-06,S002,P0004,262.0
2023-12-07,S002,P0004,0.0
2023-12-08,S002,P0004,242.0
2023-12-09,S002,P0004,0.0
2023-12-10,S002,P0004,421.0
2023-12-11,S002,P0004,0.0
2023-12-12,S002,P0004,0.0
2023-12-13,S002,P0004,224.0
2023-12-14,S002,P0004,0.0
2023-12-15,S002,P0004,642.0
2023-12-16,S002,P0004,0.0
2023-12-17,S002,P0004,0.0
2023-12-18,S002,P0004,0.0
2023-12-19,S002,P0004,0.0
2023-12-20,S002,P0004,0.0
2023-12-21,S002,P0004,668.0
2023-12-22,S002,P0004,0.0
2023-12-23,S002,P0004,0.0
2023-12-24,S002,P0004,0.0
2023-12-25,S002,P0004,211.0
2023-12-26,S002,P0004,0.0
2023-12-27,S002,P0004,210.0
2023-12-28,S002,P0004,0.0
2023-12-29,S002,P0004,0.0
2023-12-30,S002,P0004,159.0
2023-12-31,S002,P0004,0.0
2024-01-01,S002,P0004,169.0
2024-01-02,S002,P0004,0.0
2024-01-03,S002,P0004,138.0
2024-01-04,S002,P0004,0.0
2024-01-05,S002,P0004,104.0
2024-01-06,S002,P0004,0.0
2024-01-07,S002,P0004,150.0
2024-01-08,S002,P0004,0.0
2024-01-09,S002,P0004,403.0
2024-01-10,S002,P0004,0.0
2024-01-11,S002,P0004,0.0
2024-01-12,S002,P0004,281.0
2024-01-13,S002,P0004,0.0
2024-01-14,S002,P0004,0.0
2024-01-15,S002,P0004,434.0
2024-01-16,S002,P0004,0.0
2024-01-17,S002,P0004,0.0
2024-01-18,S002,P0004,340.0
2024-01-19,S002,P0004,0.0
2024-01-20,S002,P0004,416.0
2024-01-21,S002,P0004,0.0
2024-01-22,S002,P0004,359.0
2024-01-23,S002,P0004,0.0
2024-01-24,S002,P0004,0.0
2024-01-25,S002,P0004,231.0
2024-01-26,S002,P0004,0.0
2024-01-27,S002,P0004,235.0
2024-01-28,S002,P0004,0.0
2024-01-29,S002,P0004,0.0
2024-01-30,S002,P0004,0.0
2023-10-31,S002,P0005,244.0
2023-11-01,S002,P0005,0.0
2023-11-02,S002,P0005,160.0
2023-11-03,S002,P0005,0.0
2023-11-04,S002,P0005,328.0
2023-11-05,S002,P0005,0.0
2023-11-06,S002,P0005,290.0
2023-11-07,S002,P0005,0.0
2023-11-08,S002,P0005,0.0
2023-11-09,S002,P0005,489.0
2023-11-10,S002,P0005,0.0
2023-11-11,S002,P0005,0.0
2023-11-12,S002,P0005,0.0
2023-11-13,S002,P0005,0.0
2023-11-14,S002,P0005,456.0
2023-11-15,S002,P0005,0.0
2023-11-16,S002,P0005,0.0
2023-11-17,S002,P0005,0.0
2023-11-18,S002,P0005,416.0
2023-11-19,S002,P0005,0.0
2023-11-20,S002,P0005,0.0
2023-11-21,S002,P0005,0.0
2023-11-22,S002,P0005,250.0
2023-11-23,S002,P0005,0.0
2023-11-24,S002,P0005,139.0
2023-11-25,S002,P0005,0.0
2023-11-26,S002,P0005,227.0
2023-11-27,S002,P0005,0.0
2023-11-28,S002,P0005,136.0
2023-11-29,S002,P0005,0.0
2023-11-30,S002,P0005,359.0
2023-12-01,S002,P0005,0.0
2023-12-02,S002,P0005,0.0
2023-12-03,S002,P0005,338.0
2023-12-04,S002,P0005,0.0
2023-12-05,S002,P0005,0.0
2023-12-06,S002,P0005,294.0
2023-12-07,S002,P0005,0.0
2023-12-08,S002,P0005,0.0
2023-12-09,S002,P0005,172.0
2023-12-10,S002,P0005,0.0
2023-12-11,S002,P0005,149.0
2023-12-12,S002,P0005,0.0
2023-12-13,S002,P0005,516.0
2023-12-14,S002,P0005,0.0
2023-12-15,S002,P0005,0.0
2023-12-16,S002,P0005,0.0
2023-12-17,S002,P0005,322.0
2023-12-18,S002,P0005,0.0
2023-12-19,S002,P0005,0.0
2023-12-20,S002,P0005,232.0
2023-12-21,S002,P0005,0.0
2023-12-22,S002,P0005,256.0
2023-12-23,S002,P0005,0.0
2023-12-24,S002,P0005,230.0
2023-12-25,S002,P0005,0.0
2023-12-26,S002,P0005,260.0
2023-12-27,S002,P0005,0.0
2023-12-28,S002,P0005,0.0
2023-12-29,S002,P0005,0.0
2023-12-30,S002,P0005,91.0
2023-12-31,S002,P0005,0.0
2024-01-01,S002,P0005,109.0
2024-01-02,S002,P0005,0.0
2024-01-03,S002,P0005,136.0
2024-01-04,S002,P0005,0.0
2024-01-05,S002,P0005,117.0
2024-01-06,S002,P0005,0.0
2024-01-07,S002,P0005,150.0
2024-01-08,S002,P0005,0.0
2024-01-09,S002,P0005,270.0
2024-01-10,S002,P0005,0.0
2024-01-11,S002,P0005,0.0
2024-01-12,S002,P0005,232.0
2024-01-13,S002,P0005,0.0
2024-01-14,S002,P0005,0.0
2024-01-15,S002,P0005,291.0
2024-01-16,S002,P0005,0.0
2024-01-17,S002,P0005,0.0
2024-01-18,S002,P0005,152.0
2024-01-19,S002,P0005,0.0
2024-01-20,S002,P0005,287.0
2024-01-21,S002,P0005,0.0
2024-01-22,S002,P0005,251.0
2024-01-23,S002,P0005,0.0
2024-01-24,S002,P0005,0.0
2024-01-25,S002,P0005,308.0
2024-01-26,S002,P0005,0.0
2024-01-27,S002,P0005,233.0
2024-01-28,S002,P0005,0.0
2024-01-29,S002,P0005,0.0
2024-01-30,S002,P0005,0.0
2023-10-31,S002,P0006,108.0
2023-11-01,S002,P0006,407.0
2023-11-02,S002,P0006,0.0
2023-11-03,S002,P0006,0.0
2023-11-04,S002,P0006,60.0
2023-11-05,S002,P0006,228.0
2023-11-06,S002,P0006,0.0
2023-11-07,S002,P0006,137.0
2023-11-08,S002,P0006,178.0
2023-11-09,S002,P0006,0.0
2023-11-10,S002,P0006,426.0
2023-11-11,S002,P0006,0.0
2023-11-12,S002,P0006,0.0
2023-11-13,S002,P0006,393.0
2023-11-14,S002,P0006,0.0
2023-11-15,S002,P0006,0.0
2023-11-16,S002,P0006,0.0
2023-11-17,S002,P0006,85.0
2023-11-18,S002,P0006,188.0
2023-11-19,S002,P0006,0.0
2023-11-20,S002,P0006,164.0
2023-11-21,S002,P0006,84.0
2023-11-22,S002,P0006,143.0
2023-11-23,S002,P0006,272.0
2023-11-24,S002,P0006,0.0
2023-11-25,S002,P0006,0.0
2023-11-26,S002,P0006,328.0
2023-11-27,S002,P0006,0.0
2023-11-28,S002,P0006,0.0
2023-11-29,S002,P0006,0.0
2023-11-30,S002,P0006,73.0
2023-12-01,S002,P0006,285.0
2023-12-02,S002,P0006,0.0
2023-12-03,S002,P0006,137.0
2023-12-04,S002,P0006,485.0
2023-12-05,S002,P0006,0.0
2023-12-06,S002,P0006,0.0
2023-12-07,S002,P0006,0.0
2023-12-08,S002,P0006,562.0
2023-12-09,S002,P0006,0.0
2023-12-10,S002,P0006,0.0
2023-12-11,S002,P0006,0.0
2023-12-12,S002,P0006,240.0
2023-12-13,S002,P0006,0.0
2023-12-14,S002,P0006,856.0
2023-12-15,S002,P0006,0.0
2023-12-16,S002,P0006,0.0
2023-12-17,S002,P0006,0.0
2023-12-18,S002,P0006,0.0
2023-12-19,S002,P0006,121.0
2023-12-20,S002,P0006,107.0
2023-12-21,S002,P0006,106.0
2023-12-22,S002,P0006,134.0
2023-12-23,S002,P0006,0.0
2023-12-24,S002,P0006,90.0
2023-12-25,S002,P0006,239.0
2023-12-26,S002,P0006,0.0
2023-12-27,S002,P0006,220.0
2023-12-28,S002,P0006,0.0
2023-12-29,S002,P0006,76.0
2023-12-30,S002,P0006,278.0
2023-12-31,S002,P0006,0.0
2024-01-01,S002,P0006,284.0
2024-01-02,S002,P0006,0.0
2024-01-03,S002,P0006,128.0
2024-01-04,S002,P0006,205.0
2024-01-05,S002,P0006,136.0
2024-01-06,S002,P0006,205.0
2024-01-07,S002,P0006,0.0
2024-01-08,S002,P0006,195.0
2024-01-09,S002,P0006,138.0
2024-01-10,S002,P0006,113.0
2024-01-11,S002,P0006,90.0
2024-01-12,S002,P0006,202.0
2024-01-13,S002,P0006,0.0
2024-01-14,S002,P0006,113.0
2024-01-15,S002,P0006,215.0
2024-01-16,S002,P0006,0.0
2024-01-17,S002,P0006,0.0
2024-01-18,S002,P0006,72.0
2024-01-19,S002,P0006,87.0
2024-01-20,S002,P0006,513.0
2024-01-21,S002,P0006,0.0
2024-01-22,S002,P0006,0.0
2024-01-23,S002,P0006,0.0
2024-01-24,S002,P0006,0.0
2024-01-25,S002,P0006,347.0
2024-01-26,S002,P0006,0.0
2024-01-27,S002,P0006,334.0
2024-01-28,S002,P0006,0.0
2024-01-29,S002,P0006,0.0
2024-01-30,S002,P0006,0.0
2023-10-31,S002,P0007,120.0
2023-11-01,S002,P0007,0.0
2023-11-02,S002,P0007,1143.0
2023-11-03,S002,P0007,0.0
2023-11-04,S002,P0007,0.0
2023-11-05,S002,P0007,0.0
2023-11-06,S002,P0007,0.0
2023-11-07,S002,P0007,0.0
2023-11-08,S002,P0007,0.0
2023-11-09,S002,P0007,0.0
2023-11-10,S002,P0007,0.0
2023-11-11,S002,P0007,0.0
2023-11-12,S002,P0007,400.0
2023-11-13,S002,P0007,0.0
2023-11-14,S002,P0007,0.0
2023-11-15,S002,P0007,176.0
2023-11-16,S002,P0007,0.0
2023-11-17,S002,P0007,645.0
2023-11-18,S002,P0007,0.0
2023-11-19,S002,P0007,0.0
2023-11-20,S002,P0007,0.0
2023-11-21,S002,P0007,0.0
2023-11-22,S002,P0007,0.0
2023-11-23,S002,P0007,378.0
2023-11-24,S002,P0007,0.0
2023-11-25,S002,P0007,0.0
2023-11-26,S002,P0007,415.0
2023-11-27,S002,P0007,0.0
2023-11-28,S002,P0007,0.0
2023-11-29,S002,P0007,0.0
2023-11-30,S002,P0007,270.0
2023-12-01,S002,P0007,0.0
2023-12-02,S002,P0007,0.0
2023-12-03,S002,P0007,253.0
2023-12-04,S002,P0007,0.0
2023-12-05,S002,P0007,0.0
2023-12-06,S002,P0007,247.0
2023-12-07,S002,P0007,0.0
2023-12-08,S002,P0007,158.0
2023-12-09,S002,P0007,0.0
2023-12-10,S002,P0007,322.0
2023-12-11,S002,P0007,0.0
2023-12-12,S002,P0007,0.0
2023-12-13,S002,P0007,151.0
2023-12-14,S002,P0007,0.0
2023-12-15,S002,P0007,210.0
2023-12-16,S002,P0007,0.0
2023-12-17,S002,P0007,348.0
2023-12-18,S002,P0007,0.0
2023-12-19,S002,P0007,0.0
2023-12-20,S002,P0007,295.0
2023-12-21,S002,P0007,0.0
2023-12-22,S002,P0007,0.0
2023-12-23,S002,P0007,0.0
2023-12-24,S002,P0007,218.0
2023-12-25,S002,P0007,0.0
2023-12-26,S002,P0007,131.0
2023-12-27,S002,P0007,0.0
2023-12-28,S002,P0007,0.0
2023-12-29,S002,P0007,0.0
2023-12-30,S002,P0007,39.0
2023-12-31,S002,P0007,0.0
2024-01-01,S002,P0007,191.0
2024-01-02,S002,P0007,0.0
2024-01-03,S002,P0007,0.0
2024-01-04,S002,P0007,0.0
2024-01-05,S002,P0007,76.0
2024-01-06,S002,P0007,0.0
2024-01-07,S002,P0007,79.0
2024-01-08,S002,P0007,0.0
2024-01-09,S002,P0007,204.0
2024-01-10,S002,P0007,0.0
2024-01-11,S002,P0007,93.0
2024-01-12,S002,P0007,0.0
2024-01-13,S002,P0007,291.0
2024-01-14,S002,P0007,0.0
2024-01-15,S002,P0007,0.0
2024-01-16,S002,P0007,233.0
2024-01-17,S002,P0007,0.0
2024-01-18,S002,P0007,110.0
2024-01-19,S002,P0007,0.0
2024-01-20,S002,P0007,320.0
2024-01-21,S002,P0007,0.0
2024-01-22,S002,P0007,0.0
2024-01-23,S002,P0007,0.0
2024-01-24,S002,P0007,329.0
2024-01-25,S002,P0007,0.0
2024-01-26,S002,P0007,0.0
2024-01-27,S002,P0007,234.0
2024-01-28,S002,P0007,0.0
2024-01-29,S002,P0007,0.0
2024-01-30,S002,P0007,0.0
2023-10-31,S002,P0008,194.0
2023-11-01,S002,P0008,0.0
2023-11-02,S002,P0008,235.0
2023-11-03,S002,P0008,0.0
2023-11-04,S002,P0008,354.0
2023-11-05,S002,P0008,0.0
2023-11-06,S002,P0008,0.0
2023-11-07,S002,P0008,182.0
2023-11-08,S002,P0008,0.0
2023-11-09,S002,P0008,507.0
2023-11-10,S002,P0008,0.0
2023-11-11,S002,P0008,0.0
2023-11-12,S002,P0008,0.0
2023-11-13,S002,P0008,426.0
2023-11-14,S002,P0008,0.0
2023-11-15,S002,P0008,0.0
2023-11-16,S002,P0008,0.0
2023-11-17,S002,P0008,499.0
2023-11-18,S002,P0008,0.0
2023-11-19,S002,P0008,0.0
2023-11-20,S002,P0008,0.0
2023-11-21,S002,P0008,0.0
2023-11-22,S002,P0008,0.0
2023-11-23,S002,P0008,203.0
2023-11-24,S002,P0008,0.0
2023-11-25,S002,P0008,490.0
2023-11-26,S002,P0008,0.0
2023-11-27,S002,P0008,0.0
2023-11-28,S002,P0008,225.0
2023-11-29,S002,P0008,0.0
2023-11-30,S002,P0008,375.0
2023-12-01,S002,P0008,0.0
2023-12-02,S002,P0008,0.0
2023-12-03,S002,P0008,451.0
2023-12-04,S002,P0008,0.0
2023-12-05,S002,P0008,0.0
2023-12-06,S002,P0008,334.0
2023-12-07,S002,P0008,0.0
2023-12-08,S002,P0008,348.0
2023-12-09,S002,P0008,0.0
2023-12-10,S002,P0008,0.0
2023-12-11,S002,P0008,0.0
2023-12-12,S002,P0008,649.0
2023-12-13,S002,P0008,0.0
2023-12-14,S002,P0008,0.0
2023-12-15,S002,P0008,0.0
2023-12-16,S002,P0008,401.0
2023-12-17,S002,P0008,0.0
2023-12-18,S002,P0008,0.0
2023-12-19,S002,P0008,0.0
2023-12-20,S002,P0008,372.0
2023-12-21,S002,P0008,0.0
2023-12-22,S002,P0008,0.0
2023-12-23,S002,P0008,273.0
2023-12-24,S002,P0008,0.0
2023-12-25,S002,P0008,345.0
2023-12-26,S002,P0008,0.0
2023-12-27,S002,P0008,317.0
2023-12-28,S002,P0008,0.0
2023-12-29,S002,P0008,0.0
2023-12-30,S002,P0008,123.0
2023-12-31,S002,P0008,0.0
2024-01-01,S002,P0008,110.0
2024-01-02,S002,P0008,0.0
2024-01-03,S002,P0008,145.0
2024-01-04,S002,P0008,0.0
2024-01-05,S002,P0008,182.0
2024-01-06,S002,P0008,0.0
2024-01-07,S002,P0008,177.0
2024-01-08,S002,P0008,0.0
2024-01-09,S002,P0008,407.0
2024-01-10,S002,P0008,0.0
2024-01-11,S002,P0008,0.0
2024-01-12,S002,P0008,333.0
2024-01-13,S002,P0008,0.0
2024-01-14,S002,P0008,0.0
2024-01-15,S002,P0008,274.0
2024-01-16,S002,P0008,0.0
2024-01-17,S002,P0008,0.0
2024-01-18,S002,P0008,232.0
2024-01-19,S002,P0008,0.0
2024-01-20,S002,P0008,473.0
2024-01-21,S002,P0008,0.0
2024-01-22,S002,P0008,0.0
2024-01-23,S002,P0008,0.0
2024-01-24,S002,P0008,354.0
2024-01-25,S002,P0008,0.0
2024-01-26,S002,P0008,0.0
2024-01-27,S002,P0008,297.0
2024-01-28,S002,P0008,0.0
2024-01-29,S002,P0008,0.0
2024-01-30,S002,P0008,0.0
2023-10-31,S002,P0009,76.0
2023-11-01,S002,P0009,413.0
2023-11-02,S002,P0009,0.0
2023-11-03,S002,P0009,0.0
2023-11-04,S002,P0009,577.0
2023-11-05,S002,P0009,0.0
2023-11-06,S002,P0009,0.0
2023-11-07,S002,P0009,0.0
2023-11-08,S002,P0009,0.0
2023-11-09,S002,P0009,347.0
2023-11-10,S002,P0009,0.0
2023-11-11,S002,P0009,0.0
2023-11-12,S002,P0009,349.0
2023-11-13,S002,P0009,0.0
2023-11-14,S002,P0009,0.0
2023-11-15,S002,P0009,139.0
2023-11-16,S002,P0009,0.0
2023-11-17,S002,P0009,138.0
2023-11-18,S002,P0009,347.0
2023-11-19,S002,P0009,0.0
2023-11-20,S002,P0009,139.0
2023-11-21,S002,P0009,142.0
2023-11-22,S002,P0009,197.0
2023-11-23,S002,P0009,0.0
2023-11-24,S002,P0009,335.0
2023-11-25,S002,P0009,0.0
2023-11-26,S002,P0009,379.0
2023-11-27,S002,P0009,0.0
2023-11-28,S002,P0009,0.0
2023-11-29,S002,P0009,0.0
2023-11-30,S002,P0009,322.0
2023-12-01,S002,P0009,0.0
2023-12-02,S002,P0009,0.0
2023-12-03,S002,P0009,337.0
2023-12-04,S002,P0009,0.0
2023-12-05,S002,P0009,0.0
2023-12-06,S002,P0009,443.0
2023-12-07,S002,P0009,0.0
2023-12-08,S002,P0009,0.0
2023-12-09,S002,P0009,647.0
2023-12-10,S002,P0009,0.0
2023-12-11,S002,P0009,0.0
2023-12-12,S002,P0009,0.0
2023-12-13,S002,P0009,375.0
2023-12-14,S002,P0009,0.0
2023-12-15,S002,P0009,746.0
2023-12-16,S002,P0009,0.0
2023-12-17,S002,P0009,0.0
2023-12-18,S002,P0009,0.0
2023-12-19,S002,P0009,0.0
2023-12-20,S002,P0009,0.0
2023-12-21,S002,P0009,174.0
2023-12-22,S002,P0009,241.0
2023-12-23,S002,P0009,0.0
2023-12-24,S002,P0009,195.0
2023-12-25,S002,P0009,0.0
2023-12-26,S002,P0009,354.0
2023-12-27,S002,P0009,0.0
2023-12-28,S002,P0009,194.0
2023-12-29,S002,P0009,0.0
2023-12-30,S002,P0009,74.0
2023-12-31,S002,P0009,240.0
2024-01-01,S002,P0009,0.0
2024-01-02,S002,P0009,0.0
2024-01-03,S002,P0009,124.0
2024-01-04,S002,P0009,0.0
2024-01-05,S002,P0009,158.0
2024-01-06,S002,P0009,0.0
2024-01-07,S002,P0009,211.0
2024-01-08,S002,P0009,0.0
2024-01-09,S002,P0009,365.0
2024-01-10,S002,P0009,0.0
2024-01-11,S002,P0009,0.0
2024-01-12,S002,P0009,365.0
2024-01-13,S002,P0009,0.0
2024-01-14,S002,P0009,0.0
2024-01-15,S002,P0009,378.0
2024-01-16,S002,P0009,0.0
2024-01-17,S002,P0009,0.0
2024-01-18,S002,P0009,230.0
2024-01-19,S002,P0009,0.0
2024-01-20,S002,P0009,473.0
2024-01-21,S002,P0009,0.0
2024-01-22,S002,P0009,0.0
2024-01-23,S002,P0009,0.0
2024-01-24,S002,P0009,833.0
2024-01-25,S002,P0009,0.0
2024-01-26,S002,P0009,0.0
2024-01-27,S002,P0009,0.0
2024-01-28,S002,P0009,0.0
2024-01-29,S002,P0009,0.0
2024-01-30,S002,P0009,0.0
2023-10-31,S002,P0010,516.0
2023-11-01,S002,P0010,0.0
2023-11-02,S002,P0010,0.0
2023-11-03,S002,P0010,431.0
2023-11-04,S002,P0010,0.0
2023-11-05,S002,P0010,0.0
2023-11-06,S002,P0010,0.0
2023-11-07,S002,P0010,71.0
2023-11-08,S002,P0010,643.0
2023-11-09,S002,P0010,0.0
2023-11-10,S002,P0010,0.0
2023-11-11,S002,P0010,0.0
2023-11-12,S002,P0010,0.0
2023-11-13,S002,P0010,155.0
2023-11-14,S002,P0010,286.0
2023-11-15,S002,P0010,0.0
2023-11-16,S002,P0010,258.0
2023-11-17,S002,P0010,0.0
2023-11-18,S002,P0010,0.0
2023-11-19,S002,P0010,113.0
2023-11-20,S002,P0010,194.0
2023-11-21,S002,P0010,106.0
2023-11-22,S002,P0010,148.0
2023-11-23,S002,P0010,381.0
2023-11-24,S002,P0010,0.0
2023-11-25,S002,P0010,0.0
2023-11-26,S002,P0010,285.0
2023-11-27,S002,P0010,0.0
2023-11-28,S002,P0010,0.0
2023-11-29,S002,P0010,0.0
2023-11-30,S002,P0010,387.0
2023-12-01,S002,P0010,0.0
2023-12-02,S002,P0010,0.0
2023-12-03,S002,P0010,401.0
2023-12-04,S002,P0010,0.0
2023-12-05,S002,P0010,0.0
2023-12-06,S002,P0010,110.0
2023-12-07,S002,P0010,133.0
2023-12-08,S002,P0010,122.0
2023-12-09,S002,P0010,381.0
2023-12-10,S002,P0010,0.0
2023-12-11,S002,P0010,275.0
2023-12-12,S002,P0010,0.0
2023-12-13,S002,P0010,463.0
2023-12-14,S002,P0010,0.0
2023-12-15,S002,P0010,0.0
2023-12-16,S002,P0010,0.0
2023-12-17,S002,P0010,455.0
2023-12-18,S002,P0010,0.0
2023-12-19,S002,P0010,0.0
2023-12-20,S002,P0010,178.0
2023-12-21,S002,P0010,143.0
2023-12-22,S002,P0010,193.0
2023-12-23,S002,P0010,0.0
2023-12-24,S002,P0010,201.0
2023-12-25,S002,P0010,0.0
2023-12-26,S002,P0010,359.0
2023-12-27,S002,P0010,0.0
2023-12-28,S002,P0010,0.0
2023-12-29,S002,P0010,116.0
2023-12-30,S002,P0010,74.0
2023-12-31,S002,P0010,277.0
2024-01-01,S002,P0010,0.0
2024-01-02,S002,P0010,0.0
2024-01-03,S002,P0010,62.0
2024-01-04,S002,P0010,89.0
2024-01-05,S002,P0010,130.0
2024-01-06,S002,P0010,81.0
2024-01-07,S002,P0010,323.0
2024-01-08,S002,P0010,0.0
2024-01-09,S002,P0010,147.0
2024-01-10,S002,P0010,74.0
2024-01-11,S002,P0010,118.0
2024-01-12,S002,P0010,450.0
2024-01-13,S002,P0010,0.0
2024-01-14,S002,P0010,0.0
2024-01-15,S002,P0010,140.0
2024-01-16,S002,P0010,103.0
2024-01-17,S002,P0010,182.0
2024-01-18,S002,P0010,250.0
2024-01-19,S002,P0010,0.0
2024-01-20,S002,P0010,86.0
2024-01-21,S002,P0010,336.0
2024-01-22,S002,P0010,0.0
2024-01-23,S002,P0010,98.0
2024-01-24,S002,P0010,284.0
2024-01-25,S002,P0010,0.0
2024-01-26,S002,P0010,120.0
2024-01-27,S002,P0010,271.0
2024-01-28,S002,P0010,0.0
2024-01-29,S002,P0010,0.0
2024-01-30,S002,P0010,0.0
2023-10-31,S002,P0011,57.0
2023-11-01,S002,P0011,392.0
2023-11-02,S002,P0011,0.0
2023-11-03,S002,P0011,0.0
2023-11-04,S002,P0011,534.0
2023-11-05,S002,P0011,0.0
2023-11-06,S002,P0011,0.0
2023-11-07,S002,P0011,0.0
2023-11-08,S002,P0011,0.0
2023-11-09,S002,P0011,224.0
2023-11-10,S002,P0011,0.0
2023-11-11,S002,P0011,131.0
2023-11-12,S002,P0011,266.0
2023-11-13,S002,P0011,0.0
2023-11-14,S002,P0011,0.0
2023-11-15,S002,P0011,66.0
2023-11-16,S002,P0011,0.0
2023-11-17,S002,P0011,138.0
2023-11-18,S002,P0011,353.0
2023-11-19,S002,P0011,0.0
2023-11-20,S002,P0011,74.0
2023-11-21,S002,P0011,165.0
2023-11-22,S002,P0011,86.0
2023-11-23,S002,P0011,290.0
2023-11-24,S002,P0011,0.0
2023-11-25,S002,P0011,0.0
2023-11-26,S002,P0011,173.0
2023-11-27,S002,P0011,0.0
2023-11-28,S002,P0011,95.0
2023-11-29,S002,P0011,113.0
2023-11-30,S002,P0011,335.0
2023-12-01,S002,P0011,0.0
2023-12-02,S002,P0011,0.0
2023-12-03,S002,P0011,94.0
2023-12-04,S002,P0011,346.0
2023-12-05,S002,P0011,0.0
2023-12-06,S002,P0011,0.0
2023-12-07,S002,P0011,159.0
2023-12-08,S002,P0011,508.0
2023-12-09,S002,P0011,0.0
2023-12-10,S002,P0011,0.0
2023-12-11,S002,P0011,0.0
2023-12-12,S002,P0011,666.0
2023-12-13,S002,P0011,0.0
2023-12-14,S002,P0011,0.0
2023-12-15,S002,P0011,0.0
2023-12-16,S002,P0011,0.0
2023-12-17,S002,P0011,414.0
2023-12-18,S002,P0011,0.0
2023-12-19,S002,P0011,0.0
2023-12-20,S002,P0011,119.0
2023-12-21,S002,P0011,63.0
2023-12-22,S002,P0011,481.0
2023-12-23,S002,P0011,0.0
2023-12-24,S002,P0011,0.0
2023-12-25,S002,P0011,0.0
2023-12-26,S002,P0011,0.0
2023-12-27,S002,P0011,274.0
2023-12-28,S002,P0011,0.0
2023-12-29,S002,P0011,0.0
2023-12-30,S002,P0011,65.0
2023-12-31,S002,P0011,281.0
2024-01-01,S002,P0011,0.0
2024-01-02,S002,P0011,0.0
2024-01-03,S002,P0011,179.0
2024-01-04,S002,P0011,0.0
2024-01-05,S002,P0011,205.0
2024-01-06,S002,P0011,0.0
2024-01-07,S002,P0011,178.0
2024-01-08,S002,P0011,0.0
2024-01-09,S002,P0011,165.0
2024-01-10,S002,P0011,123.0
2024-01-11,S002,P0011,201.0
2024-01-12,S002,P0011,216.0
2024-01-13,S002,P0011,0.0
2024-01-14,S002,P0011,427.0
2024-01-15,S002,P0011,0.0
2024-01-16,S002,P0011,0.0
2024-01-17,S002,P0011,96.0
2024-01-18,S002,P0011,233.0
2024-01-19,S002,P0011,0.0
2024-01-20,S002,P0011,136.0
2024-01-21,S002,P0011,264.0
2024-01-22,S002,P0011,0.0
2024-01-23,S002,P0011,69.0
2024-01-24,S002,P0011,199.0
2024-01-25,S002,P0011,0.0
2024-01-26,S002,P0011,78.0
2024-01-27,S002,P0011,187.0
2024-01-28,S002,P0011,0.0
2024-01-29,S002,P0011,0.0
2024-01-30,S002,P0011,0.0
2023-10-31,S002,P0012,393.0
2023-11-01,S002,P0012,0.0
2023-11-02,S002,P0012,0.0
2023-11-03,S002,P0012,0.0
2023-11-04,S002,P0012,150.0
2023-11-05,S002,P0012,0.0
2023-11-06,S002,P0012,256.0
2023-11-07,S002,P0012,0.0
2023-11-08,S002,P0012,0.0
2023-11-09,S002,P0012,498.0
2023-11-10,S002,P0012,0.0
2023-11-11,S002,P0012,0.0
2023-11-12,S002,P0012,0.0
2023-11-13,S002,P0012,0.0
2023-11-14,S002,P0012,239.0
2023-11-15,S002,P0012,0.0
2023-11-16,S002,P0012,207.0
2023-11-17,S002,P0012,0.0
2023-11-18,S002,P0012,427.0
2023-11-19,S002,P0012,0.0
2023-11-20,S002,P0012,0.0
2023-11-21,S002,P0012,0.0
2023-11-22,S002,P0012,263.0
2023-11-23,S002,P0012,0.0
2023-11-24,S002,P0012,299.0
2023-11-25,S002,P0012,0.0
2023-11-26,S002,P0012,198.0
2023-11-27,S002,P0012,0.0
2023-11-28,S002,P0012,216.0
2023-11-29,S002,P0012,0.0
2023-11-30,S002,P0012,268.0
2023-12-01,S002,P0012,0.0
2023-12-02,S002,P0012,0.0
2023-12-03,S002,P0012,291.0
2023-12-04,S002,P0012,0.0
2023-12-05,S002,P0012,0.0
2023-12-06,S002,P0012,195.0
2023-12-07,S002,P0012,0.0
2023-12-08,S002,P0012,180.0
2023-12-09,S002,P0012,0.0
2023-12-10,S002,P0012,366.0
2023-12-11,S002,P0012,0.0
2023-12-12,S002,P0012,0.0
2023-12-13,S002,P0012,442.0
2023-12-14,S002,P0012,0.0
2023-12-15,S002,P0012,0.0
2023-12-16,S002,P0012,0.0
2023-12-17,S002,P0012,347.0
2023-12-18,S002,P0012,0.0
2023-12-19,S002,P0012,0.0
2023-12-20,S002,P0012,226.0
2023-12-21,S002,P0012,0.0
2023-12-22,S002,P0012,197.0
2023-12-23,S002,P0012,0.0
2023-12-24,S002,P0012,111.0
2023-12-25,S002,P0012,0.0
2023-12-26,S002,P0012,123.0
2023-12-27,S002,P0012,0.0
2023-12-28,S002,P0012,97.0
2023-12-29,S002,P0012,0.0
2023-12-30,S002,P0012,272.0
2023-12-31,S002,P0012,0.0
2024-01-01,S002,P0012,0.0
2024-01-02,S002,P0012,0.0
2024-01-03,S002,P0012,0.0
2024-01-04,S002,P0012,0.0
2024-01-05,S002,P0012,126.0
2024-01-06,S002,P0012,0.0
2024-01-07,S002,P0012,169.0
2024-01-08,S002,P0012,0.0
2024-01-09,S002,P0012,0.0
2024-01-10,S002,P0012,670.0
2024-01-11,S002,P0012,0.0
2024-01-12,S002,P0012,0.0
2024-01-13,S002,P0012,0.0
2024-01-14,S002,P0012,0.0
2024-01-15,S002,P0012,0.0
2024-01-16,S002,P0012,161.0
2024-01-17,S002,P0012,0.0
2024-01-18,S002,P0012,173.0
2024-01-19,S002,P0012,0.0
2024-01-20,S002,P0012,464.0
2024-01-21,S002,P0012,0.0
2024-01-22,S002,P0012,0.0
2024-01-23,S002,P0012,0.0
2024-01-24,S002,P0012,0.0
2024-01-25,S002,P0012,135.0
2024-01-26,S002,P0012,0.0
2024-01-27,S002,P0012,168.0
2024-01-28,S002,P0012,0.0
2024-01-29,S002,P0012,0.0
2024-01-30,S002,P0012,0.0
2023-10-31,S002,P0013,669.0
2023-11-01,S002,P0013,0.0
2023-11-02,S002,P0013,0.0
2023-11-03,S002,P0013,0.0
2023-11-04,S002,P0013,0.0
2023-11-05,S002,P0013,258.0
2023-11-06,S002,P0013,0.0
2023-11-07,S002,P0013,211.0
2023-11-08,S002,P0013,0.0
2023-11-09,S002,P0013,226.0
2023-11-10,S002,P0013,0.0
2023-11-11,S002,P0013,711.0
2023-11-12,S002,P0013,0.0
2023-11-13,S002,P0013,0.0
2023-11-14,S002,P0013,0.0
2023-11-15,S002,P0013,199.0
2023-11-16,S002,P0013,0.0
2023-11-17,S002,P0013,0.0
2023-11-18,S002,P0013,253.0
2023-11-19,S002,P0013,0.0
2023-11-20,S002,P0013,0.0
2023-11-21,S002,P0013,523.0
2023-11-22,S002,P0013,0.0
2023-11-23,S002,P0013,0.0
2023-11-24,S002,P0013,0.0
2023-11-25,S002,P0013,0.0
2023-11-26,S002,P0013,384.0
2023-11-27,S002,P0013,0.0
2023-11-28,S002,P0013,0.0
2023-11-29,S002,P0013,0.0
2023-11-30,S002,P0013,405.0
2023-12-01,S002,P0013,0.0
2023-12-02,S002,P0013,0.0
2023-12-03,S002,P0013,400.0
2023-12-04,S002,P0013,0.0
2023-12-05,S002,P0013,0.0
2023-12-06,S002,P0013,268.0
2023-12-07,S002,P0013,0.0
2023-12-08,S002,P0013,0.0
2023-12-09,S002,P0013,919.0
2023-12-10,S002,P0013,0.0
2023-12-11,S002,P0013,0.0
2023-12-12,S002,P0013,0.0
2023-12-13,S002,P0013,0.0
2023-12-14,S002,P0013,0.0
2023-12-15,S002,P0013,0.0
2023-12-16,S002,P0013,0.0
2023-12-17,S002,P0013,424.0
2023-12-18,S002,P0013,0.0
2023-12-19,S002,P0013,0.0
2023-12-20,S002,P0013,221.0
2023-12-21,S002,P0013,0.0
2023-12-22,S002,P0013,476.0
2023-12-23,S002,P0013,0.0
2023-12-24,S002,P0013,0.0
2023-12-25,S002,P0013,0.0
2023-12-26,S002,P0013,0.0
2023-12-27,S002,P0013,268.0
2023-12-28,S002,P0013,0.0
2023-12-29,S002,P0013,0.0
2023-12-30,S002,P0013,89.0
2023-12-31,S002,P0013,0.0
2024-01-01,S002,P0013,162.0
2024-01-02,S002,P0013,0.0
2024-01-03,S002,P0013,181.0
2024-01-04,S002,P0013,0.0
2024-01-05,S002,P0013,164.0
2024-01-06,S002,P0013,0.0
2024-01-07,S002,P0013,157.0
2024-01-08,S002,P0013,0.0
2024-01-09,S002,P0013,218.0
2024-01-10,S002,P0013,0.0
2024-01-11,S002,P0013,0.0
2024-01-12,S002,P0013,801.0
2024-01-13,S002,P0013,0.0
2024-01-14,S002,P0013,0.0
2024-01-15,S002,P0013,0.0
2024-01-16,S002,P0013,0.0
2024-01-17,S002,P0013,0.0
2024-01-18,S002,P0013,275.0
2024-01-19,S002,P0013,0.0
2024-01-20,S002,P0013,213.0
2024-01-21,S002,P0013,0.0
2024-01-22,S002,P0013,386.0
2024-01-23,S002,P0013,0.0
2024-01-24,S002,P0013,0.0
2024-01-25,S002,P0013,234.0
2024-01-26,S002,P0013,0.0
2024-01-27,S002,P0013,247.0
2024-01-28,S002,P0013,0.0
2024-01-29,S002,P0013,0.0
2024-01-30,S002,P0013,0.0
2023-10-31,S002,P0014,422.0
2023-11-01,S002,P0014,0.0
2023-11-02,S002,P0014,0.0
2023-11-03,S002,P0014,0.0
2023-11-04,S002,P0014,285.0
2023-11-05,S002,P0014,0.0
2023-11-06,S002,P0014,731.0
2023-11-07,S002,P0014,0.0
2023-11-08,S002,P0014,0.0
2023-11-09,S002,P0014,0.0
2023-11-10,S002,P0014,0.0
2023-11-11,S002,P0014,0.0
2023-11-12,S002,P0014,0.0
2023-11-13,S002,P0014,0.0
2023-11-14,S002,P0014,190.0
2023-11-15,S002,P0014,0.0
2023-11-16,S002,P0014,361.0
2023-11-17,S002,P0014,0.0
2023-11-18,S002,P0014,0.0
2023-11-19,S002,P0014,0.0
2023-11-20,S002,P0014,96.0
2023-11-21,S002,P0014,0.0
2023-11-22,S002,P0014,259.0
2023-11-23,S002,P0014,0.0
2023-11-24,S002,P0014,0.0
2023-11-25,S002,P0014,0.0
2023-11-26,S002,P0014,249.0
2023-11-27,S002,P0014,0.0
2023-11-28,S002,P0014,0.0
2023-11-29,S002,P0014,0.0
2023-11-30,S002,P0014,308.0
2023-12-01,S002,P0014,0.0
2023-12-02,S002,P0014,0.0
2023-12-03,S002,P0014,0.0
2023-12-04,S002,P0014,324.0
2023-12-05,S002,P0014,0.0
2023-12-06,S002,P0014,0.0
2023-12-07,S002,P0014,269.0
2023-12-08,S002,P0014,0.0
2023-12-09,S002,P0014,0.0
2023-12-10,S002,P0014,308.0
2023-12-11,S002,P0014,0.0
2023-12-12,S002,P0014,0.0
2023-12-13,S002,P0014,215.0
2023-12-14,S002,P0014,0.0
2023-12-15,S002,P0014,531.0
2023-12-16,S002,P0014,0.0
2023-12-17,S002,P0014,0.0
2023-12-18,S002,P0014,0.0
2023-12-19,S002,P0014,0.0
2023-12-20,S002,P0014,202.0
2023-12-21,S002,P0014,0.0
2023-12-22,S002,P0014,170.0
2023-12-23,S002,P0014,0.0
2023-12-24,S002,P0014,184.0
2023-12-25,S002,P0014,0.0
2023-12-26,S002,P0014,294.0
2023-12-27,S002,P0014,0.0
2023-12-28,S002,P0014,0.0
2023-12-29,S002,P0014,0.0
2023-12-30,S002,P0014,109.0
2023-12-31,S002,P0014,0.0
2024-01-01,S002,P0014,151.0
2024-01-02,S002,P0014,0.0
2024-01-03,S002,P0014,0.0
2024-01-04,S002,P0014,51.0
2024-01-05,S002,P0014,87.0
2024-01-06,S002,P0014,0.0
2024-01-07,S002,P0014,222.0
2024-01-08,S002,P0014,0.0
2024-01-09,S002,P0014,0.0
2024-01-10,S002,P0014,0.0
2024-01-11,S002,P0014,117.0
2024-01-12,S002,P0014,292.0
2024-01-13,S002,P0014,0.0
2024-01-14,S002,P0014,0.0
2024-01-15,S002,P0014,239.0
2024-01-16,S002,P0014,0.0
2024-01-17,S002,P0014,0.0
2024-01-18,S002,P0014,292.0
2024-01-19,S002,P0014,0.0
2024-01-20,S002,P0014,471.0
2024-01-21,S002,P0014,0.0
2024-01-22,S002,P0014,0.0
2024-01-23,S002,P0014,0.0
2024-01-24,S002,P0014,295.0
2024-01-25,S002,P0014,0.0
2024-01-26,S002,P0014,0.0
2024-01-27,S002,P0014,185.0
2024-01-28,S002,P0014,0.0
2024-01-29,S002,P0014,0.0
2024-01-30,S002,P0014,0.0
2023-10-31,S002,P0015,102.0
2023-11-01,S002,P0015,383.0
2023-11-02,S002,P0015,0.0
2023-11-03,S002,P0015,0.0
2023-11-04,S002,P0015,103.0
2023-11-05,S002,P0015,109.0
2023-11-06,S002,P0015,23.0
2023-11-07,S002,P0015,99.0
2023-11-08,S002,P0015,191.0
2023-11-09,S002,P0015,0.0
2023-11-10,S002,P0015,302.0
2023-11-11,S002,P0015,0.0
2023-11-12,S002,P0015,0.0
2023-11-13,S002,P0015,78.0
2023-11-14,S002,P0015,75.0
2023-11-15,S002,P0015,99.0
2023-11-16,S002,P0015,345.0
2023-11-17,S002,P0015,0.0
2023-11-18,S002,P0015,0.0
2023-11-19,S002,P0015,0.0
2023-11-20,S002,P0015,81.0
2023-11-21,S002,P0015,122.0
2023-11-22,S002,P0015,429.0
2023-11-23,S002,P0015,0.0
2023-11-24,S002,P0015,0.0
2023-11-25,S002,P0015,0.0
2023-11-26,S002,P0015,421.0
2023-11-27,S002,P0015,0.0
2023-11-28,S002,P0015,0.0
2023-11-29,S002,P0015,0.0
2023-11-30,S002,P0015,69.0
2023-12-01,S002,P0015,149.0
2023-12-02,S002,P0015,319.0
2023-12-03,S002,P0015,0.0
2023-12-04,S002,P0015,123.0
2023-12-05,S002,P0015,118.0
2023-12-06,S002,P0015,329.0
2023-12-07,S002,P0015,0.0
2023-12-08,S002,P0015,0.0
2023-12-09,S002,P0015,176.0
2023-12-10,S002,P0015,0.0
2023-12-11,S002,P0015,178.0
2023-12-12,S002,P0015,0.0
2023-12-13,S002,P0015,97.0
2023-12-14,S002,P0015,201.0
2023-12-15,S002,P0015,0.0
2023-12-16,S002,P0015,438.0
2023-12-17,S002,P0015,0.0
2023-12-18,S002,P0015,0.0
2023-12-19,S002,P0015,78.0
2023-12-20,S002,P0015,64.0
2023-12-21,S002,P0015,93.0
2023-12-22,S002,P0015,178.0
2023-12-23,S002,P0015,0.0
2023-12-24,S002,P0015,80.0
2023-12-25,S002,P0015,215.0
2023-12-26,S002,P0015,0.0
2023-12-27,S002,P0015,327.0
2023-12-28,S002,P0015,0.0
2023-12-29,S002,P0015,153.0
2023-12-30,S002,P0015,125.0
2023-12-31,S002,P0015,471.0
2024-01-01,S002,P0015,0.0
2024-01-02,S002,P0015,0.0
2024-01-03,S002,P0015,293.0
2024-01-04,S002,P0015,0.0
2024-01-05,S002,P0015,164.0
2024-01-06,S002,P0015,0.0
2024-01-07,S002,P0015,330.0
2024-01-08,S002,P0015,0.0
2024-01-09,S002,P0015,135.0
2024-01-10,S002,P0015,96.0
2024-01-11,S002,P0015,382.0
2024-01-12,S002,P0015,0.0
2024-01-13,S002,P0015,0.0
2024-01-14,S002,P0015,399.0
2024-01-15,S002,P0015,0.0
2024-01-16,S002,P0015,0.0
2024-01-17,S002,P0015,99.0
2024-01-18,S002,P0015,125.0
2024-01-19,S002,P0015,123.0
2024-01-20,S002,P0015,202.0
2024-01-21,S002,P0015,139.0
2024-01-22,S002,P0015,298.0
2024-01-23,S002,P0015,0.0
2024-01-24,S002,P0015,0.0
2024-01-25,S002,P0015,327.0
2024-01-26,S002,P0015,0.0
2024-01-27,S002,P0015,237.0
2024-01-28,S002,P0015,0.0
2024-01-29,S002,P0015,0.0
2024-01-30,S002,P0015,0.0
2023-10-31,S002,P0016,401.0
2023-11-01,S002,P0016,0.0
2023-11-02,S002,P0016,0.0
2023-11-03,S002,P0016,197.0
2023-11-04,S002,P0016,0.0
2023-11-05,S002,P0016,120.0
2023-11-06,S002,P0016,88.0
2023-11-07,S002,P0016,108.0
2023-11-08,S002,P0016,74.0
2023-11-09,S002,P0016,455.0
2023-11-10,S002,P0016,0.0
2023-11-11,S002,P0016,0.0
2023-11-12,S002,P0016,0.0
2023-11-13,S002,P0016,137.0
2023-11-14,S002,P0016,195.0
2023-11-15,S002,P0016,0.0
2023-11-16,S002,P0016,284.0
2023-11-17,S002,P0016,0.0
2023-11-18,S002,P0016,0.0
2023-11-19,S002,P0016,136.0
2023-11-20,S002,P0016,124.0
2023-11-21,S002,P0016,146.0
2023-11-22,S002,P0016,120.0
2023-11-23,S002,P0016,107.0
2023-11-24,S002,P0016,110.0
2023-11-25,S002,P0016,0.0
2023-11-26,S002,P0016,88.0
2023-11-27,S002,P0016,100.0
2023-11-28,S002,P0016,82.0
2023-11-29,S002,P0016,74.0
2023-11-30,S002,P0016,350.0
2023-12-01,S002,P0016,0.0
2023-12-02,S002,P0016,0.0
2023-12-03,S002,P0016,205.0
2023-12-04,S002,P0016,732.0
2023-12-05,S002,P0016,0.0
2023-12-06,S002,P0016,0.0
2023-12-07,S002,P0016,0.0
2023-12-08,S002,P0016,0.0
2023-12-09,S002,P0016,413.0
2023-12-10,S002,P0016,0.0
2023-12-11,S002,P0016,0.0
2023-12-12,S002,P0016,0.0
2023-12-13,S002,P0016,434.0
2023-12-14,S002,P0016,0.0
2023-12-15,S002,P0016,0.0
2023-12-16,S002,P0016,0.0
2023-12-17,S002,P0016,321.0
2023-12-18,S002,P0016,0.0
2023-12-19,S002,P0016,0.0
2023-12-20,S002,P0016,95.0
2023-12-21,S002,P0016,159.0
2023-12-22,S002,P0016,119.0
2023-12-23,S002,P0016,128.0
2023-12-24,S002,P0016,282.0
2023-12-25,S002,P0016,0.0
2023-12-26,S002,P0016,154.0
2023-12-27,S002,P0016,360.0
2023-12-28,S002,P0016,0.0
2023-12-29,S002,P0016,0.0
2023-12-30,S002,P0016,448.0
2023-12-31,S002,P0016,0.0
2024-01-01,S002,P0016,0.0
2024-01-02,S002,P0016,0.0
2024-01-03,S002,P0016,92.0
2024-01-04,S002,P0016,107.0
2024-01-05,S002,P0016,380.0
2024-01-06,S002,P0016,0.0
2024-01-07,S002,P0016,0.0
2024-01-08,S002,P0016,421.0
2024-01-09,S002,P0016,0.0
2024-01-10,S002,P0016,102.0
2024-01-11,S002,P0016,132.0
2024-01-12,S002,P0016,441.0
2024-01-13,S002,P0016,0.0
2024-01-14,S002,P0016,0.0
2024-01-15,S002,P0016,88.0
2024-01-16,S002,P0016,247.0
2024-01-17,S002,P0016,0.0
2024-01-18,S002,P0016,205.0
2024-01-19,S002,P0016,0.0
2024-01-20,S002,P0016,224.0
2024-01-21,S002,P0016,103.0
2024-01-22,S002,P0016,227.0
2024-01-23,S002,P0016,0.0
2024-01-24,S002,P0016,0.0
2024-01-25,S002,P0016,233.0
2024-01-26,S002,P0016,0.0
2024-01-27,S002,P0016,171.0
2024-01-28,S002,P0016,0.0
2024-01-29,S002,P0016,0.0
2024-01-30,S002,P0016,0.0
2023-10-31,S002,P0017,129.0
2023-11-01,S002,P0017,0.0
2023-11-02,S002,P0017,261.0
2023-11-03,S002,P0017,0.0
2023-11-04,S002,P0017,217.0
2023-11-05,S002,P0017,0.0
2023-11-06,S002,P0017,400.0
2023-11-07,S002,P0017,0.0
2023-11-08,S002,P0017,0.0
2023-11-09,S002,P0017,0.0
2023-11-10,S002,P0017,420.0
2023-11-11,S002,P0017,0.0
2023-11-12,S002,P0017,0.0
2023-11-13,S002,P0017,0.0
2023-11-14,S002,P0017,204.0
2023-11-15,S002,P0017,0.0
2023-11-16,S002,P0017,301.0
2023-11-17,S002,P0017,0.0
2023-11-18,S002,P0017,0.0
2023-11-19,S002,P0017,0.0
2023-11-20,S002,P0017,485.0
2023-11-21,S002,P0017,0.0
2023-11-22,S002,P0017,0.0
2023-11-23,S002,P0017,0.0
2023-11-24,S002,P0017,165.0
2023-11-25,S002,P0017,0.0
2023-11-26,S002,P0017,423.0
2023-11-27,S002,P0017,0.0
2023-11-28,S002,P0017,0.0
2023-11-29,S002,P0017,0.0
2023-11-30,S002,P0017,247.0
2023-12-01,S002,P0017,0.0
2023-12-02,S002,P0017,0.0
2023-12-03,S002,P0017,257.0
2023-12-04,S002,P0017,0.0
2023-12-05,S002,P0017,0.0
2023-12-06,S002,P0017,228.0
2023-12-07,S002,P0017,0.0
2023-12-08,S002,P0017,135.0
2023-12-09,S002,P0017,0.0
2023-12-10,S002,P0017,348.0
2023-12-11,S002,P0017,0.0
2023-12-12,S002,P0017,0.0
2023-12-13,S002,P0017,197.0
2023-12-14,S002,P0017,0.0
2023-12-15,S002,P0017,654.0
2023-12-16,S002,P0017,0.0
2023-12-17,S002,P0017,0.0
2023-12-18,S002,P0017,0.0
2023-12-19,S002,P0017,0.0
2023-12-20,S002,P0017,0.0
2023-12-21,S002,P0017,0.0
2023-12-22,S002,P0017,327.0
2023-12-23,S002,P0017,0.0
2023-12-24,S002,P0017,292.0
2023-12-25,S002,P0017,0.0
2023-12-26,S002,P0017,0.0
2023-12-27,S002,P0017,87.0
2023-12-28,S002,P0017,0.0
2023-12-29,S002,P0017,0.0
2023-12-30,S002,P0017,49.0
2023-12-31,S002,P0017,0.0
2024-01-01,S002,P0017,30.0
2024-01-02,S002,P0017,0.0
2024-01-03,S002,P0017,27.0
2024-01-04,S002,P0017,0.0
2024-01-05,S002,P0017,43.0
2024-01-06,S002,P0017,0.0
2024-01-07,S002,P0017,87.0
2024-01-08,S002,P0017,0.0
2024-01-09,S002,P0017,172.0
2024-01-10,S002,P0017,0.0
2024-01-11,S002,P0017,0.0
2024-01-12,S002,P0017,321.0
2024-01-13,S002,P0017,0.0
2024-01-14,S002,P0017,0.0
2024-01-15,S002,P0017,308.0
2024-01-16,S002,P0017,0.0
2024-01-17,S002,P0017,0.0
2024-01-18,S002,P0017,172.0
2024-01-19,S002,P0017,0.0
2024-01-20,S002,P0017,304.0
2024-01-21,S002,P0017,0.0
2024-01-22,S002,P0017,482.0
2024-01-23,S002,P0017,0.0
2024-01-24,S002,P0017,0.0
2024-01-25,S002,P0017,0.0
2024-01-26,S002,P0017,0.0
2024-01-27,S002,P0017,223.0
2024-01-28,S002,P0017,0.0
2024-01-29,S002,P0017,0.0
2024-01-30,S002,P0017,0.0
2023-10-31,S002,P0018,661.0
2023-11-01,S002,P0018,0.0
2023-11-02,S002,P0018,0.0
2023-11-03,S002,P0018,0.0
2023-11-04,S002,P0018,0.0
2023-11-05,S002,P0018,0.0
2023-11-06,S002,P0018,0.0
2023-11-07,S002,P0018,0.0
2023-11-08,S002,P0018,240.0
2023-11-09,S002,P0018,0.0
2023-11-10,S002,P0018,399.0
2023-11-11,S002,P0018,0.0
2023-11-12,S002,P0018,0.0
2023-11-13,S002,P0018,0.0
2023-11-14,S002,P0018,218.0
2023-11-15,S002,P0018,0.0
2023-11-16,S002,P0018,382.0
2023-11-17,S002,P0018,0.0
2023-11-18,S002,P0018,0.0
2023-11-19,S002,P0018,0.0
2023-11-20,S002,P0018,355.0
2023-11-21,S002,P0018,0.0
2023-11-22,S002,P0018,0.0
2023-11-23,S002,P0018,0.0
2023-11-24,S002,P0018,177.0
2023-11-25,S002,P0018,0.0
2023-11-26,S002,P0018,297.0
2023-11-27,S002,P0018,0.0
2023-11-28,S002,P0018,0.0
2023-11-29,S002,P0018,0.0
2023-11-30,S002,P0018,327.0
2023-12-01,S002,P0018,0.0
2023-12-02,S002,P0018,0.0
2023-12-03,S002,P0018,252.0
2023-12-04,S002,P0018,0.0
2023-12-05,S002,P0018,0.0
2023-12-06,S002,P0018,265.0
2023-12-07,S002,P0018,0.0
2023-12-08,S002,P0018,320.0
2023-12-09,S002,P0018,0.0
2023-12-10,S002,P0018,0.0
2023-12-11,S002,P0018,327.0
2023-12-12,S002,P0018,0.0
2023-12-13,S002,P0018,0.0
2023-12-14,S002,P0018,896.0
2023-12-15,S002,P0018,0.0
2023-12-16,S002,P0018,0.0
2023-12-17,S002,P0018,0.0
2023-12-18,S002,P0018,0.0
2023-12-19,S002,P0018,0.0
2023-12-20,S002,P0018,0.0
2023-12-21,S002,P0018,281.0
2023-12-22,S002,P0018,0.0
2023-12-23,S002,P0018,458.0
2023-12-24,S002,P0018,0.0
2023-12-25,S002,P0018,0.0
2023-12-26,S002,P0018,0.0
2023-12-27,S002,P0018,381.0
2023-12-28,S002,P0018,0.0
2023-12-29,S002,P0018,0.0
2023-12-30,S002,P0018,184.0
2023-12-31,S002,P0018,0.0
2024-01-01,S002,P0018,343.0
2024-01-02,S002,P0018,0.0
2024-01-03,S002,P0018,197.0
2024-01-04,S002,P0018,0.0
2024-01-05,S002,P0018,279.0
2024-01-06,S002,P0018,0.0
2024-01-07,S002,P0018,207.0
2024-01-08,S002,P0018,0.0
2024-01-09,S002,P0018,638.0
2024-01-10,S002,P0018,0.0
2024-01-11,S002,P0018,0.0
2024-01-12,S002,P0018,0.0
2024-01-13,S002,P0018,0.0
2024-01-14,S002,P0018,0.0
2024-01-15,S002,P0018,185.0
2024-01-16,S002,P0018,0.0
2024-01-17,S002,P0018,0.0
2024-01-18,S002,P0018,177.0
2024-01-19,S002,P0018,0.0
2024-01-20,S002,P0018,172.0
2024-01-21,S002,P0018,0.0
2024-01-22,S002,P0018,186.0
2024-01-23,S002,P0018,0.0
2024-01-24,S002,P0018,0.0
2024-01-25,S002,P0018,299.0
2024-01-26,S002,P0018,0.0
2024-01-27,S002,P0018,365.0
2024-01-28,S002,P0018,0.0
2024-01-29,S002,P0018,0.0
2024-01-30,S002,P0018,0.0
2023-10-31,S002,P0019,71.0
2023-11-01,S002,P0019,405.0
2023-11-02,S002,P0019,0.0
2023-11-03,S002,P0019,0.0
2023-11-04,S002,P0019,123.0
2023-11-05,S002,P0019,171.0
2023-11-06,S002,P0019,0.0
2023-11-07,S002,P0019,120.0
2023-11-08,S002,P0019,75.0
2023-11-09,S002,P0019,175.0
2023-11-10,S002,P0019,0.0
2023-11-11,S002,P0019,60.0
2023-11-12,S002,P0019,303.0
2023-11-13,S002,P0019,0.0
2023-11-14,S002,P0019,0.0
2023-11-15,S002,P0019,154.0
2023-11-16,S002,P0019,0.0
2023-11-17,S002,P0019,117.0
2023-11-18,S002,P0019,223.0
2023-11-19,S002,P0019,0.0
2023-11-20,S002,P0019,95.0
2023-11-21,S002,P0019,121.0
2023-11-22,S002,P0019,345.0
2023-11-23,S002,P0019,0.0
2023-11-24,S002,P0019,0.0
2023-11-25,S002,P0019,0.0
2023-11-26,S002,P0019,105.0
2023-11-27,S002,P0019,133.0
2023-11-28,S002,P0019,79.0
2023-11-29,S002,P0019,52.0
2023-11-30,S002,P0019,359.0
2023-12-01,S002,P0019,0.0
2023-12-02,S002,P0019,0.0
2023-12-03,S002,P0019,104.0
2023-12-04,S002,P0019,287.0
2023-12-05,S002,P0019,0.0
2023-12-06,S002,P0019,407.0
2023-12-07,S002,P0019,0.0
2023-12-08,S002,P0019,0.0
2023-12-09,S002,P0019,539.0
2023-12-10,S002,P0019,0.0
2023-12-11,S002,P0019,0.0
2023-12-12,S002,P0019,0.0
2023-12-13,S002,P0019,456.0
2023-12-14,S002,P0019,0.0
2023-12-15,S002,P0019,0.0
2023-12-16,S002,P0019,0.0
2023-12-17,S002,P0019,353.0
2023-12-18,S002,P0019,0.0
2023-12-19,S002,P0019,0.0
2023-12-20,S002,P0019,43.0
2023-12-21,S002,P0019,129.0
2023-12-22,S002,P0019,117.0
2023-12-23,S002,P0019,356.0
2023-12-24,S002,P0019,0.0
2023-12-25,S002,P0019,0.0
2023-12-26,S002,P0019,459.0
2023-12-27,S002,P0019,0.0
2023-12-28,S002,P0019,0.0
2023-12-29,S002,P0019,149.0
2023-12-30,S002,P0019,206.0
2023-12-31,S002,P0019,0.0
2024-01-01,S002,P0019,278.0
2024-01-02,S002,P0019,0.0
2024-01-03,S002,P0019,269.0
2024-01-04,S002,P0019,0.0
2024-01-05,S002,P0019,293.0
2024-01-06,S002,P0019,0.0
2024-01-07,S002,P0019,0.0
2024-01-08,S002,P0019,202.0
2024-01-09,S002,P0019,0.0
2024-01-10,S002,P0019,121.0
2024-01-11,S002,P0019,88.0
2024-01-12,S002,P0019,464.0
2024-01-13,S002,P0019,0.0
2024-01-14,S002,P0019,0.0
2024-01-15,S002,P0019,269.0
2024-01-16,S002,P0019,0.0
2024-01-17,S002,P0019,0.0
2024-01-18,S002,P0019,409.0
2024-01-19,S002,P0019,0.0
2024-01-20,S002,P0019,0.0
2024-01-21,S002,P0019,0.0
2024-01-22,S002,P0019,173.0
2024-01-23,S002,P0019,301.0
2024-01-24,S002,P0019,0.0
2024-01-25,S002,P0019,277.0
2024-01-26,S002,P0019,0.0
2024-01-27,S002,P0019,196.0
2024-01-28,S002,P0019,0.0
2024-01-29,S002,P0019,0.0
2024-01-30,S002,P0019,0.0
2023-10-31,S002,P0020,56.0
2023-11-01,S002,P0020,234.0
2023-11-02,S002,P0020,0.0
2023-11-03,S002,P0020,0.0
2023-11-04,S002,P0020,137.0
2023-11-05,S002,P0020,0.0
2023-11-06,S002,P0020,280.0
2023-11-07,S002,P0020,0.0
2023-11-08,S002,P0020,0.0
2023-11-09,S002,P0020,160.0
2023-11-10,S002,P0020,0.0
2023-11-11,S002,P0020,57.0
2023-11-12,S002,P0020,399.0
2023-11-13,S002,P0020,0.0
2023-11-14,S002,P0020,0.0
2023-11-15,S002,P0020,0.0
2023-11-16,S002,P0020,0.0
2023-11-17,S002,P0020,42.0
2023-11-18,S002,P0020,247.0
2023-11-19,S002,P0020,0.0
2023-11-20,S002,P0020,0.0
2023-11-21,S002,P0020,0.0
2023-11-22,S002,P0020,260.0
2023-11-23,S002,P0020,0.0
2023-11-24,S002,P0020,0.0
2023-11-25,S002,P0020,0.0
2023-11-26,S002,P0020,252.0
2023-11-27,S002,P0020,0.0
2023-11-28,S002,P0020,0.0
2023-11-29,S002,P0020,0.0
2023-11-30,S002,P0020,219.0
2023-12-01,S002,P0020,0.0
2023-12-02,S002,P0020,0.0
2023-12-03,S002,P0020,159.0
2023-12-04,S002,P0020,0.0
2023-12-05,S002,P0020,0.0
2023-12-06,S002,P0020,88.0
2023-12-07,S002,P0020,0.0
2023-12-08,S002,P0020,368.0
2023-12-09,S002,P0020,0.0
2023-12-10,S002,P0020,0.0
2023-12-11,S002,P0020,0.0
2023-12-12,S002,P0020,144.0
2023-12-13,S002,P0020,0.0
2023-12-14,S002,P0020,152.0
2023-12-15,S002,P0020,0.0
2023-12-16,S002,P0020,85.0
2023-12-17,S002,P0020,0.0
2023-12-18,S002,P0020,129.0
2023-12-19,S002,P0020,134.0
2023-12-20,S002,P0020,0.0
2023-12-21,S002,P0020,408.0
2023-12-22,S002,P0020,0.0
2023-12-23,S002,P0020,0.0
2023-12-24,S002,P0020,0.0
2023-12-25,S002,P0020,110.0
2023-12-26,S002,P0020,197.0
2023-12-27,S002,P0020,0.0
2023-12-28,S002,P0020,0.0
2023-12-29,S002,P0020,44.0
2023-12-30,S002,P0020,76.0
2023-12-31,S002,P0020,0.0
2024-01-01,S002,P0020,99.0
2024-01-02,S002,P0020,0.0
2024-01-03,S002,P0020,77.0
2024-01-04,S002,P0020,0.0
2024-01-05,S002,P0020,82.0
2024-01-06,S002,P0020,0.0
2024-01-07,S002,P0020,73.0
2024-01-08,S002,P0020,0.0
2024-01-09,S002,P0020,229.0
2024-01-10,S002,P0020,0.0
2024-01-11,S002,P0020,0.0
2024-01-12,S002,P0020,254.0
2024-01-13,S002,P0020,0.0
2024-01-14,S002,P0020,0.0
2024-01-15,S002,P0020,188.0
2024-01-16,S002,P0020,0.0
2024-01-17,S002,P0020,0.0
2024-01-18,S002,P0020,129.0
2024-01-19,S002,P0020,0.0
2024-01-20,S002,P0020,112.0
2024-01-21,S002,P0020,0.0
2024-01-22,S002,P0020,145.0
2024-01-23,S002,P0020,0.0
2024-01-24,S002,P0020,430.0
2024-01-25,S002,P0020,0.0
2024-01-26,S002,P0020,0.0
2024-01-27,S002,P0020,0.0
2024-01-28,S002,P0020,0.0
2024-01-29,S002,P0020,0.0
2024-01-30,S002,P0020,0.0
2023-10-31,S003,P0001,307.0
2023-11-01,S003,P0001,0.0
2023-11-02,S003,P0001,0.0
2023-11-03,S003,P0001,201.0
2023-11-04,S003,P0001,0.0
2023-11-05,S003,P0001,209.0
2023-11-06,S003,P0001,0.0
2023-11-07,S003,P0001,581.0
2023-11-08,S003,P0001,0.0
2023-11-09,S003,P0001,0.0
2023-11-10,S003,P0001,0.0
2023-11-11,S003,P0001,0.0
2023-11-12,S003,P0001,0.0
2023-11-13,S003,P0001,417.0
2023-11-14,S003,P0001,0.0
2023-11-15,S003,P0001,0.0
2023-11-16,S003,P0001,0.0
2023-11-17,S003,P0001,673.0
2023-11-18,S003,P0001,0.0
2023-11-19,S003,P0001,0.0
2023-11-20,S003,P0001,0.0
2023-11-21,S003,P0001,0.0
2023-11-22,S003,P0001,0.0
2023-11-23,S003,P0001,0.0
2023-11-24,S003,P0001,226.0
2023-11-25,S003,P0001,0.0
2023-11-26,S003,P0001,168.0
2023-11-27,S003,P0001,0.0
2023-11-28,S003,P0001,146.0
2023-11-29,S003,P0001,0.0
2023-11-30,S003,P0001,455.0
2023-12-01,S003,P0001,0.0
2023-12-02,S003,P0001,0.0
2023-12-03,S003,P0001,682.0
2023-12-04,S003,P0001,0.0
2023-12-05,S003,P0001,0.0
2023-12-06,S003,P0001,0.0
2023-12-07,S003,P0001,0.0
2023-12-08,S003,P0001,0.0
2023-12-09,S003,P0001,0.0
2023-12-10,S003,P0001,208.0
2023-12-11,S003,P0001,0.0
2023-12-12,S003,P0001,576.0
2023-12-13,S003,P0001,0.0
2023-12-14,S003,P0001,0.0
2023-12-15,S003,P0001,0.0
2023-12-16,S003,P0001,0.0
2023-12-17,S003,P0001,0.0
2023-12-18,S003,P0001,297.0
2023-12-19,S003,P0001,0.0
2023-12-20,S003,P0001,0.0
2023-12-21,S003,P0001,206.0
2023-12-22,S003,P0001,0.0
2023-12-23,S003,P0001,381.0
2023-12-24,S003,P0001,0.0
2023-12-25,S003,P0001,0.0
2023-12-26,S003,P0001,257.0
2023-12-27,S003,P0001,0.0
2023-12-28,S003,P0001,0.0
2023-12-29,S003,P0001,0.0
2023-12-30,S003,P0001,58.0
2023-12-31,S003,P0001,0.0
2024-01-01,S003,P0001,73.0
2024-01-02,S003,P0001,0.0
2024-01-03,S003,P0001,58.0
2024-01-04,S003,P0001,0.0
2024-01-05,S003,P0001,129.0
2024-01-06,S003,P0001,0.0
2024-01-07,S003,P0001,31.0
2024-01-08,S003,P0001,0.0
2024-01-09,S003,P0001,361.0
2024-01-10,S003,P0001,0.0
2024-01-11,S003,P0001,0.0
2024-01-12,S003,P0001,438.0
2024-01-13,S003,P0001,0.0
2024-01-14,S003,P0001,0.0
2024-01-15,S003,P0001,286.0
2024-01-16,S003,P0001,0.0
2024-01-17,S003,P0001,0.0
2024-01-18,S003,P0001,181.0
2024-01-19,S003,P0001,0.0
2024-01-20,S003,P0001,305.0
2024-01-21,S003,P0001,0.0
2024-01-22,S003,P0001,0.0
2024-01-23,S003,P0001,0.0
2024-01-24,S003,P0001,218.0
2024-01-25,S003,P0001,0.0
2024-01-26,S003,P0001,0.0
2024-01-27,S003,P0001,228.0
2024-01-28,S003,P0001,0.0
2024-01-29,S003,P0001,0.0
2024-01-30,S003,P0001,0.0
2023-10-31,S003,P0002,235.0
2023-11-01,S003,P0002,0.0
2023-11-02,S003,P0002,231.0
2023-11-03,S003,P0002,0.0
2023-11-04,S003,P0002,672.0
2023-11-05,S003,P0002,0.0
2023-11-06,S003,P0002,0.0
2023-11-07,S003,P0002,0.0
2023-11-08,S003,P0002,0.0
2023-11-09,S003,P0002,0.0
2023-11-10,S003,P0002,330.0
2023-11-11,S003,P0002,0.0
2023-11-12,S003,P0002,299.0
2023-11-13,S003,P0002,0.0
2023-11-14,S003,P0002,428.0
2023-11-15,S003,P0002,0.0
2023-11-16,S003,P0002,0.0
2023-11-17,S003,P0002,137.0
2023-11-18,S003,P0002,122.0
2023-11-19,S003,P0002,0.0
2023-11-20,S003,P0002,512.0
2023-11-21,S003,P0002,0.0
2023-11-22,S003,P0002,0.0
2023-11-23,S003,P0002,0.0
2023-11-24,S003,P0002,316.0
2023-11-25,S003,P0002,0.0
2023-11-26,S003,P0002,0.0
2023-11-27,S003,P0002,62.0
2023-11-28,S003,P0002,248.0
2023-11-29,S003,P0002,0.0
2023-11-30,S003,P0002,336.0
2023-12-01,S003,P0002,0.0
2023-12-02,S003,P0002,0.0
2023-12-03,S003,P0002,291.0
2023-12-04,S003,P0002,0.0
2023-12-05,S003,P0002,248.0
2023-12-06,S003,P0002,0.0
2023-12-07,S003,P0002,105.0
2023-12-08,S003,P0002,343.0
2023-12-09,S003,P0002,0.0
2023-12-10,S003,P0002,0.0
2023-12-11,S003,P0002,0.0
2023-12-12,S003,P0002,649.0
2023-12-13,S003,P0002,0.0
2023-12-14,S003,P0002,0.0
2023-12-15,S003,P0002,0.0
2023-12-16,S003,P0002,583.0
2023-12-17,S003,P0002,0.0
2023-12-18,S003,P0002,0.0
2023-12-19,S003,P0002,0.0
2023-12-20,S003,P0002,388.0
2023-12-21,S003,P0002,0.0
2023-12-22,S003,P0002,193.0
2023-12-23,S003,P0002,0.0
2023-12-24,S003,P0002,164.0
2023-12-25,S003,P0002,0.0
2023-12-26,S003,P0002,293.0
2023-12-27,S003,P0002,0.0
2023-12-28,S003,P0002,0.0
2023-12-29,S003,P0002,69.0
2023-12-30,S003,P0002,101.0
2023-12-31,S003,P0002,236.0
2024-01-01,S003,P0002,0.0
2024-01-02,S003,P0002,0.0
2024-01-03,S003,P0002,210.0
2024-01-04,S003,P0002,0.0
2024-01-05,S003,P0002,143.0
2024-01-06,S003,P0002,0.0
2024-01-07,S003,P0002,135.0
2024-01-08,S003,P0002,0.0
2024-01-09,S003,P0002,312.0
2024-01-10,S003,P0002,0.0
2024-01-11,S003,P0002,0.0
2024-01-12,S003,P0002,401.0
2024-01-13,S003,P0002,0.0
2024-01-14,S003,P0002,0.0
2024-01-15,S003,P0002,289.0
2024-01-16,S003,P0002,0.0
2024-01-17,S003,P0002,0.0
2024-01-18,S003,P0002,141.0
2024-01-19,S003,P0002,0.0
2024-01-20,S003,P0002,180.0
2024-01-21,S003,P0002,0.0
2024-01-22,S003,P0002,194.0
2024-01-23,S003,P0002,0.0
2024-01-24,S003,P0002,256.0
2024-01-25,S003,P0002,0.0
2024-01-26,S003,P0002,0.0
2024-01-27,S003,P0002,223.0
2024-01-28,S003,P0002,0.0
2024-01-29,S003,P0002,0.0
2024-01-30,S003,P0002,0.0
2023-10-31,S003,P0003,259.0
2023-11-01,S003,P0003,0.0
2023-11-02,S003,P0003,290.0
2023-11-03,S003,P0003,0.0
2023-11-04,S003,P0003,293.0
2023-11-05,S003,P0003,0.0
2023-11-06,S003,P0003,475.0
2023-11-07,S003,P0003,0.0
2023-11-08,S003,P0003,0.0
2023-11-09,S003,P0003,790.0
2023-11-10,S003,P0003,0.0
2023-11-11,S003,P0003,0.0
2023-11-12,S003,P0003,0.0
2023-11-13,S003,P0003,0.0
2023-11-14,S003,P0003,0.0
2023-11-15,S003,P0003,0.0
2023-11-16,S003,P0003,188.0
2023-11-17,S003,P0003,0.0
2023-11-18,S003,P0003,744.0
2023-11-19,S003,P0003,0.0
2023-11-20,S003,P0003,0.0
2023-11-21,S003,P0003,0.0
2023-11-22,S003,P0003,0.0
2023-11-23,S003,P0003,0.0
2023-11-24,S003,P0003,332.0
2023-11-25,S003,P0003,0.0
2023-11-26,S003,P0003,0.0
2023-11-27,S003,P0003,368.0
2023-11-28,S003,P0003,0.0
2023-11-29,S003,P0003,0.0
2023-11-30,S003,P0003,438.0
2023-12-01,S003,P0003,0.0
2023-12-02,S003,P0003,0.0
2023-12-03,S003,P0003,203.0
2023-12-04,S003,P0003,0.0
2023-12-05,S003,P0003,238.0
2023-12-06,S003,P0003,0.0
2023-12-07,S003,P0003,368.0
2023-12-08,S003,P0003,0.0
2023-12-09,S003,P0003,0.0
2023-12-10,S003,P0003,659.0
2023-12-11,S003,P0003,0.0
2023-12-12,S003,P0003,0.0
2023-12-13,S003,P0003,0.0
2023-12-14,S003,P0003,0.0
2023-12-15,S003,P0003,329.0
2023-12-16,S003,P0003,0.0
2023-12-17,S003,P0003,0.0
2023-12-18,S003,P0003,797.0
2023-12-19,S003,P0003,0.0
2023-12-20,S003,P0003,0.0
2023-12-21,S003,P0003,0.0
2023-12-22,S003,P0003,0.0
2023-12-23,S003,P0003,0.0
2023-12-24,S003,P0003,0.0
2023-12-25,S003,P0003,273.0
2023-12-26,S003,P0003,0.0
2023-12-27,S003,P0003,0.0
2023-12-28,S003,P0003,158.0
2023-12-29,S003,P0003,0.0
2023-12-30,S003,P0003,125.0
2023-12-31,S003,P0003,0.0
2024-01-01,S003,P0003,206.0
2024-01-02,S003,P0003,0.0
2024-01-03,S003,P0003,0.0
2024-01-04,S003,P0003,0.0
2024-01-05,S003,P0003,149.0
2024-01-06,S003,P0003,0.0
2024-01-07,S003,P0003,113.0
2024-01-08,S003,P0003,0.0
2024-01-09,S003,P0003,361.0
2024-01-10,S003,P0003,0.0
2024-01-11,S003,P0003,0.0
2024-01-12,S003,P0003,150.0
2024-01-13,S003,P0003,0.0
2024-01-14,S003,P0003,0.0
2024-01-15,S003,P0003,246.0
2024-01-16,S003,P0003,0.0
2024-01-17,S003,P0003,0.0
2024-01-18,S003,P0003,139.0
2024-01-19,S003,P0003,0.0
2024-01-20,S003,P0003,345.0
2024-01-21,S003,P0003,0.0
2024-01-22,S003,P0003,0.0
2024-01-23,S003,P0003,0.0
2024-01-24,S003,P0003,377.0
2024-01-25,S003,P0003,0.0
2024-01-26,S003,P0003,0.0
2024-01-27,S003,P0003,248.0
2024-01-28,S003,P0003,0.0
2024-01-29,S003,P0003,0.0
2024-01-30,S003,P0003,0.0
2023-10-31,S003,P0004,459.0
2023-11-01,S003,P0004,0.0
2023-11-02,S003,P0004,0.0
2023-11-03,S003,P0004,0.0
2023-11-04,S003,P0004,603.0
2023-11-05,S003,P0004,0.0
2023-11-06,S003,P0004,0.0
2023-11-07,S003,P0004,0.0
2023-11-08,S003,P0004,0.0
2023-11-09,S003,P0004,493.0
2023-11-10,S003,P0004,0.0
2023-11-11,S003,P0004,0.0
2023-11-12,S003,P0004,0.0
2023-11-13,S003,P0004,169.0
2023-11-14,S003,P0004,0.0
2023-11-15,S003,P0004,268.0
2023-11-16,S003,P0004,0.0
2023-11-17,S003,P0004,978.0
2023-11-18,S003,P0004,0.0
2023-11-19,S003,P0004,0.0
2023-11-20,S003,P0004,0.0
2023-11-21,S003,P0004,0.0
2023-11-22,S003,P0004,0.0
2023-11-23,S003,P0004,0.0
2023-11-24,S003,P0004,338.0
2023-11-25,S003,P0004,0.0
2023-11-26,S003,P0004,260.0
2023-11-27,S003,P0004,0.0
2023-11-28,S003,P0004,249.0
2023-11-29,S003,P0004,0.0
2023-11-30,S003,P0004,341.0
2023-12-01,S003,P0004,0.0
2023-12-02,S003,P0004,0.0
2023-12-03,S003,P0004,408.0
2023-12-04,S003,P0004,0.0
2023-12-05,S003,P0004,0.0
2023-12-06,S003,P0004,397.0
2023-12-07,S003,P0004,0.0
2023-12-08,S003,P0004,0.0
2023-12-09,S003,P0004,212.0
2023-12-10,S003,P0004,0.0
2023-12-11,S003,P0004,418.0
2023-12-12,S003,P0004,0.0
2023-12-13,S003,P0004,0.0
2023-12-14,S003,P0004,377.0
2023-12-15,S003,P0004,0.0
2023-12-16,S003,P0004,0.0
2023-12-17,S003,P0004,384.0
2023-12-18,S003,P0004,0.0
2023-12-19,S003,P0004,0.0
2023-12-20,S003,P0004,565.0
2023-12-21,S003,P0004,0.0
2023-12-22,S003,P0004,0.0
2023-12-23,S003,P0004,0.0
2023-12-24,S003,P0004,518.0
2023-12-25,S003,P0004,0.0
2023-12-26,S003,P0004,0.0
2023-12-27,S003,P0004,0.0
2023-12-28,S003,P0004,143.0
2023-12-29,S003,P0004,0.0
2023-12-30,S003,P0004,139.0
2023-12-31,S003,P0004,0.0
2024-01-01,S003,P0004,171.0
2024-01-02,S003,P0004,0.0
2024-01-03,S003,P0004,116.0
2024-01-04,S003,P0004,0.0
2024-01-05,S003,P0004,206.0
2024-01-06,S003,P0004,0.0
2024-01-07,S003,P0004,204.0
2024-01-08,S003,P0004,0.0
2024-01-09,S003,P0004,131.0
2024-01-10,S003,P0004,0.0
2024-01-11,S003,P0004,397.0
2024-01-12,S003,P0004,0.0
2024-01-13,S003,P0004,572.0
2024-01-14,S003,P0004,0.0
2024-01-15,S003,P0004,0.0
2024-01-16,S003,P0004,181.0
2024-01-17,S003,P0004,0.0
2024-01-18,S003,P0004,276.0
2024-01-19,S003,P0004,0.0
2024-01-20,S003,P0004,517.0
2024-01-21,S003,P0004,0.0
2024-01-22,S003,P0004,0.0
2024-01-23,S003,P0004,0.0
2024-01-24,S003,P0004,443.0
2024-01-25,S003,P0004,0.0
2024-01-26,S003,P0004,0.0
2024-01-27,S003,P0004,309.0
2024-01-28,S003,P0004,0.0
2024-01-29,S003,P0004,0.0
2024-01-30,S003,P0004,0.0
2023-10-31,S003,P0005,282.0
2023-11-01,S003,P0005,0.0
2023-11-02,S003,P0005,231.0
2023-11-03,S003,P0005,0.0
2023-11-04,S003,P0005,292.0
2023-11-05,S003,P0005,0.0
2023-11-06,S003,P0005,294.0
2023-11-07,S003,P0005,0.0
2023-11-08,S003,P0005,0.0
2023-11-09,S003,P0005,298.0
2023-11-10,S003,P0005,0.0
2023-11-11,S003,P0005,0.0
2023-11-12,S003,P0005,0.0
2023-11-13,S003,P0005,104.0
2023-11-14,S003,P0005,0.0
2023-11-15,S003,P0005,147.0
2023-11-16,S003,P0005,0.0
2023-11-17,S003,P0005,307.0
2023-11-18,S003,P0005,0.0
2023-11-19,S003,P0005,0.0
2023-11-20,S003,P0005,183.0
2023-11-21,S003,P0005,0.0
2023-11-22,S003,P0005,199.0
2023-11-23,S003,P0005,0.0
2023-11-24,S003,P0005,189.0
2023-11-25,S003,P0005,0.0
2023-11-26,S003,P0005,193.0
2023-11-27,S003,P0005,0.0
2023-11-28,S003,P0005,193.0
2023-11-29,S003,P0005,0.0
2023-11-30,S003,P0005,457.0
2023-12-01,S003,P0005,0.0
2023-12-02,S003,P0005,0.0
2023-12-03,S003,P0005,441.0
2023-12-04,S003,P0005,0.0
2023-12-05,S003,P0005,0.0
2023-12-06,S003,P0005,283.0
2023-12-07,S003,P0005,0.0
2023-12-08,S003,P0005,0.0
2023-12-09,S003,P0005,721.0
2023-12-10,S003,P0005,0.0
2023-12-11,S003,P0005,0.0
2023-12-12,S003,P0005,0.0
2023-12-13,S003,P0005,0.0
2023-12-14,S003,P0005,0.0
2023-12-15,S003,P0005,0.0
2023-12-16,S003,P0005,0.0
2023-12-17,S003,P0005,301.0
2023-12-18,S003,P0005,0.0
2023-12-19,S003,P0005,0.0
2023-12-20,S003,P0005,305.0
2023-12-21,S003,P0005,0.0
2023-12-22,S003,P0005,0.0
2023-12-23,S003,P0005,0.0
2023-12-24,S003,P0005,180.0
2023-12-25,S003,P0005,0.0
2023-12-26,S003,P0005,230.0
2023-12-27,S003,P0005,0.0
2023-12-28,S003,P0005,0.0
2023-12-29,S003,P0005,0.0
2023-12-30,S003,P0005,45.0
2023-12-31,S003,P0005,0.0
2024-01-01,S003,P0005,152.0
2024-01-02,S003,P0005,0.0
2024-01-03,S003,P0005,0.0
2024-01-04,S003,P0005,0.0
2024-01-05,S003,P0005,68.0
2024-01-06,S003,P0005,0.0
2024-01-07,S003,P0005,42.0
2024-01-08,S003,P0005,0.0
2024-01-09,S003,P0005,283.0
2024-01-10,S003,P0005,0.0
2024-01-11,S003,P0005,0.0
2024-01-12,S003,P0005,369.0
2024-01-13,S003,P0005,0.0
2024-01-14,S003,P0005,0.0
2024-01-15,S003,P0005,348.0
2024-01-16,S003,P0005,0.0
2024-01-17,S003,P0005,0.0
2024-01-18,S003,P0005,258.0
2024-01-19,S003,P0005,0.0
2024-01-20,S003,P0005,153.0
2024-01-21,S003,P0005,0.0
2024-01-22,S003,P0005,202.0
2024-01-23,S003,P0005,0.0
2024-01-24,S003,P0005,318.0
2024-01-25,S003,P0005,0.0
2024-01-26,S003,P0005,0.0
2024-01-27,S003,P0005,138.0
2024-01-28,S003,P0005,0.0
2024-01-29,S003,P0005,0.0
2024-01-30,S003,P0005,0.0
2023-10-31,S003,P0006,748.0
2023-11-01,S003,P0006,0.0
2023-11-02,S003,P0006,0.0
2023-11-03,S003,P0006,0.0
2023-11-04,S003,P0006,0.0
2023-11-05,S003,P0006,0.0
2023-11-06,S003,P0006,0.0
2023-11-07,S003,P0006,0.0
2023-11-08,S003,P0006,198.0
2023-11-09,S003,P0006,0.0
2023-11-10,S003,P0006,238.0
2023-11-11,S003,P0006,0.0
2023-11-12,S003,P0006,250.0
2023-11-13,S003,P0006,0.0
2023-11-14,S003,P0006,260.0
2023-11-15,S003,P0006,0.0
2023-11-16,S003,P0006,561.0
2023-11-17,S003,P0006,0.0
2023-11-18,S003,P0006,0.0
2023-11-19,S003,P0006,0.0
2023-11-20,S003,P0006,195.0
2023-11-21,S003,P0006,0.0
2023-11-22,S003,P0006,394.0
2023-11-23,S003,P0006,0.0
2023-11-24,S003,P0006,0.0
2023-11-25,S003,P0006,0.0
2023-11-26,S003,P0006,179.0
2023-11-27,S003,P0006,0.0
2023-11-28,S003,P0006,241.0
2023-11-29,S003,P0006,0.0
2023-11-30,S003,P0006,280.0
2023-12-01,S003,P0006,0.0
2023-12-02,S003,P0006,0.0
2023-12-03,S003,P0006,297.0
2023-12-04,S003,P0006,0.0
2023-12-05,S003,P0006,0.0
2023-12-06,S003,P0006,302.0
2023-12-07,S003,P0006,0.0
2023-12-08,S003,P0006,271.0
2023-12-09,S003,P0006,0.0
2023-12-10,S003,P0006,229.0
2023-12-11,S003,P0006,0.0
2023-12-12,S003,P0006,508.0
2023-12-13,S003,P0006,0.0
2023-12-14,S003,P0006,0.0
2023-12-15,S003,P0006,0.0
2023-12-16,S003,P0006,0.0
2023-12-17,S003,P0006,287.0
2023-12-18,S003,P0006,0.0
2023-12-19,S003,P0006,0.0
2023-12-20,S003,P0006,305.0
2023-12-21,S003,P0006,0.0
2023-12-22,S003,P0006,147.0
2023-12-23,S003,P0006,0.0
2023-12-24,S003,P0006,202.0
2023-12-25,S003,P0006,0.0
2023-12-26,S003,P0006,170.0
2023-12-27,S003,P0006,0.0
2023-12-28,S003,P0006,0.0
2023-12-29,S003,P0006,0.0
2023-12-30,S003,P0006,75.0
2023-12-31,S003,P0006,0.0
2024-01-01,S003,P0006,98.0
2024-01-02,S003,P0006,0.0
2024-01-03,S003,P0006,69.0
2024-01-04,S003,P0006,0.0
2024-01-05,S003,P0006,33.0
2024-01-06,S003,P0006,0.0
2024-01-07,S003,P0006,44.0
2024-01-08,S003,P0006,0.0
2024-01-09,S003,P0006,331.0
2024-01-10,S003,P0006,0.0
2024-01-11,S003,P0006,0.0
2024-01-12,S003,P0006,221.0
2024-01-13,S003,P0006,0.0
2024-01-14,S003,P0006,0.0
2024-01-15,S003,P0006,230.0
2024-01-16,S003,P0006,0.0
2024-01-17,S003,P0006,0.0
2024-01-18,S003,P0006,157.0
2024-01-19,S003,P0006,0.0
2024-01-20,S003,P0006,435.0
2024-01-21,S003,P0006,0.0
2024-01-22,S003,P0006,0.0
2024-01-23,S003,P0006,0.0
2024-01-24,S003,P0006,328.0
2024-01-25,S003,P0006,0.0
2024-01-26,S003,P0006,0.0
2024-01-27,S003,P0006,233.0
2024-01-28,S003,P0006,0.0
2024-01-29,S003,P0006,0.0
2024-01-30,S003,P0006,0.0
2023-10-31,S003,P0007,610.0
2023-11-01,S003,P0007,0.0
2023-11-02,S003,P0007,0.0
2023-11-03,S003,P0007,0.0
2023-11-04,S003,P0007,420.0
2023-11-05,S003,P0007,0.0
2023-11-06,S003,P0007,448.0
2023-11-07,S003,P0007,0.0
2023-11-08,S003,P0007,0.0
2023-11-09,S003,P0007,528.0
2023-11-10,S003,P0007,0.0
2023-11-11,S003,P0007,0.0
2023-11-12,S003,P0007,370.0
2023-11-13,S003,P0007,0.0
2023-11-14,S003,P0007,0.0
2023-11-15,S003,P0007,291.0
2023-11-16,S003,P0007,0.0
2023-11-17,S003,P0007,1079.0
2023-11-18,S003,P0007,0.0
2023-11-19,S003,P0007,0.0
2023-11-20,S003,P0007,0.0
2023-11-21,S003,P0007,0.0
2023-11-22,S003,P0007,0.0
2023-11-23,S003,P0007,0.0
2023-11-24,S003,P0007,239.0
2023-11-25,S003,P0007,0.0
2023-11-26,S003,P0007,221.0
2023-11-27,S003,P0007,0.0
2023-11-28,S003,P0007,257.0
2023-11-29,S003,P0007,0.0
2023-11-30,S003,P0007,209.0
2023-12-01,S003,P0007,0.0
2023-12-02,S003,P0007,421.0
2023-12-03,S003,P0007,0.0
2023-12-04,S003,P0007,0.0
2023-12-05,S003,P0007,0.0
2023-12-06,S003,P0007,250.0
2023-12-07,S003,P0007,0.0
2023-12-08,S003,P0007,253.0
2023-12-09,S003,P0007,0.0
2023-12-10,S003,P0007,341.0
2023-12-11,S003,P0007,0.0
2023-12-12,S003,P0007,509.0
2023-12-13,S003,P0007,0.0
2023-12-14,S003,P0007,0.0
2023-12-15,S003,P0007,0.0
2023-12-16,S003,P0007,126.0
2023-12-17,S003,P0007,0.0
2023-12-18,S003,P0007,194.0
2023-12-19,S003,P0007,0.0
2023-12-20,S003,P0007,1116.0
2023-12-21,S003,P0007,0.0
2023-12-22,S003,P0007,0.0
2023-12-23,S003,P0007,0.0
2023-12-24,S003,P0007,0.0
2023-12-25,S003,P0007,0.0
2023-12-26,S003,P0007,0.0
2023-12-27,S003,P0007,0.0
2023-12-28,S003,P0007,0.0
2023-12-29,S003,P0007,0.0
2023-12-30,S003,P0007,84.0
2023-12-31,S003,P0007,0.0
2024-01-01,S003,P0007,234.0
2024-01-02,S003,P0007,0.0
2024-01-03,S003,P0007,0.0
2024-01-04,S003,P0007,0.0
2024-01-05,S003,P0007,156.0
2024-01-06,S003,P0007,0.0
2024-01-07,S003,P0007,146.0
2024-01-08,S003,P0007,0.0
2024-01-09,S003,P0007,271.0
2024-01-10,S003,P0007,0.0
2024-01-11,S003,P0007,228.0
2024-01-12,S003,P0007,0.0
2024-01-13,S003,P0007,429.0
2024-01-14,S003,P0007,0.0
2024-01-15,S003,P0007,0.0
2024-01-16,S003,P0007,206.0
2024-01-17,S003,P0007,0.0
2024-01-18,S003,P0007,180.0
2024-01-19,S003,P0007,0.0
2024-01-20,S003,P0007,249.0
2024-01-21,S003,P0007,0.0
2024-01-22,S003,P0007,130.0
2024-01-23,S003,P0007,0.0
2024-01-24,S003,P0007,284.0
2024-01-25,S003,P0007,0.0
2024-01-26,S003,P0007,0.0
2024-01-27,S003,P0007,285.0
2024-01-28,S003,P0007,0.0
2024-01-29,S003,P0007,0.0
2024-01-30,S003,P0007,0.0
2023-10-31,S003,P0008,467.0
2023-11-01,S003,P0008,0.0
2023-11-02,S003,P0008,0.0
2023-11-03,S003,P0008,0.0
2023-11-04,S003,P0008,367.0
2023-11-05,S003,P0008,0.0
2023-11-06,S003,P0008,0.0
2023-11-07,S003,P0008,91.0
2023-11-08,S003,P0008,145.0
2023-11-09,S003,P0008,0.0
2023-11-10,S003,P0008,76.0
2023-11-11,S003,P0008,118.0
2023-11-12,S003,P0008,160.0
2023-11-13,S003,P0008,77.0
2023-11-14,S003,P0008,40.0
2023-11-15,S003,P0008,321.0
2023-11-16,S003,P0008,0.0
2023-11-17,S003,P0008,79.0
2023-11-18,S003,P0008,321.0
2023-11-19,S003,P0008,0.0
2023-11-20,S003,P0008,0.0
2023-11-21,S003,P0008,90.0
2023-11-22,S003,P0008,433.0
2023-11-23,S003,P0008,0.0
2023-11-24,S003,P0008,0.0
2023-11-25,S003,P0008,0.0
2023-11-26,S003,P0008,81.0
2023-11-27,S003,P0008,57.0
2023-11-28,S003,P0008,77.0
2023-11-29,S003,P0008,89.0
2023-11-30,S003,P0008,314.0
2023-12-01,S003,P0008,0.0
2023-12-02,S003,P0008,0.0
2023-12-03,S003,P0008,303.0
2023-12-04,S003,P0008,0.0
2023-12-05,S003,P0008,191.0
2023-12-06,S003,P0008,0.0
2023-12-07,S003,P0008,124.0
2023-12-08,S003,P0008,54.0
2023-12-09,S003,P0008,216.0
2023-12-10,S003,P0008,0.0
2023-12-11,S003,P0008,72.0
2023-12-12,S003,P0008,402.0
2023-12-13,S003,P0008,0.0
2023-12-14,S003,P0008,0.0
2023-12-15,S003,P0008,192.0
2023-12-16,S003,P0008,64.0
2023-12-17,S003,P0008,104.0
2023-12-18,S003,P0008,241.0
2023-12-19,S003,P0008,0.0
2023-12-20,S003,P0008,224.0
2023-12-21,S003,P0008,150.0
2023-12-22,S003,P0008,294.0
2023-12-23,S003,P0008,0.0
2023-12-24,S003,P0008,133.0
2023-12-25,S003,P0008,103.0
2023-12-26,S003,P0008,345.0
2023-12-27,S003,P0008,0.0
2023-12-28,S003,P0008,0.0
2023-12-29,S003,P0008,0.0
2023-12-30,S003,P0008,344.0
2023-12-31,S003,P0008,0.0
2024-01-01,S003,P0008,0.0
2024-01-02,S003,P0008,235.0
2024-01-03,S003,P0008,0.0
2024-01-04,S003,P0008,121.0
2024-01-05,S003,P0008,401.0
2024-01-06,S003,P0008,0.0
2024-01-07,S003,P0008,377.0
2024-01-08,S003,P0008,0.0
2024-01-09,S003,P0008,0.0
2024-01-10,S003,P0008,118.0
2024-01-11,S003,P0008,107.0
2024-01-12,S003,P0008,354.0
2024-01-13,S003,P0008,0.0
2024-01-14,S003,P0008,0.0
2024-01-15,S003,P0008,404.0
2024-01-16,S003,P0008,0.0
2024-01-17,S003,P0008,0.0
2024-01-18,S003,P0008,501.0
2024-01-19,S003,P0008,0.0
2024-01-20,S003,P0008,0.0
2024-01-21,S003,P0008,0.0
2024-01-22,S003,P0008,0.0
2024-01-23,S003,P0008,88.0
2024-01-24,S003,P0008,431.0
2024-01-25,S003,P0008,0.0
2024-01-26,S003,P0008,0.0
2024-01-27,S003,P0008,223.0
2024-01-28,S003,P0008,0.0
2024-01-29,S003,P0008,0.0
2024-01-30,S003,P0008,0.0
2023-10-31,S003,P0009,1029.0
2023-11-01,S003,P0009,0.0
2023-11-02,S003,P0009,0.0
2023-11-03,S003,P0009,0.0
2023-11-04,S003,P0009,0.0
2023-11-05,S003,P0009,0.0
2023-11-06,S003,P0009,0.0
2023-11-07,S003,P0009,0.0
2023-11-08,S003,P0009,690.0
2023-11-09,S003,P0009,0.0
2023-11-10,S003,P0009,0.0
2023-11-11,S003,P0009,0.0
2023-11-12,S003,P0009,0.0
2023-11-13,S003,P0009,651.0
2023-11-14,S003,P0009,0.0
2023-11-15,S003,P0009,0.0
2023-11-16,S003,P0009,0.0
2023-11-17,S003,P0009,0.0
2023-11-18,S003,P0009,336.0
2023-11-19,S003,P0009,0.0
2023-11-20,S003,P0009,569.0
2023-11-21,S003,P0009,0.0
2023-11-22,S003,P0009,0.0
2023-11-23,S003,P0009,0.0
2023-11-24,S003,P0009,0.0
2023-11-25,S003,P0009,342.0
2023-11-26,S003,P0009,0.0
2023-11-27,S003,P0009,0.0
2023-11-28,S003,P0009,376.0
2023-11-29,S003,P0009,0.0
2023-11-30,S003,P0009,174.0
2023-12-01,S003,P0009,0.0
2023-12-02,S003,P0009,1642.0
2023-12-03,S003,P0009,0.0
2023-12-04,S003,P0009,0.0
2023-12-05,S003,P0009,0.0
2023-12-06,S003,P0009,0.0
2023-12-07,S003,P0009,0.0
2023-12-08,S003,P0009,0.0
2023-12-09,S003,P0009,0.0
2023-12-10,S003,P0009,0.0
2023-12-11,S003,P0009,0.0
2023-12-12,S003,P0009,685.0
2023-12-13,S003,P0009,0.0
2023-12-14,S003,P0009,0.0
2023-12-15,S003,P0009,0.0
2023-12-16,S003,P0009,0.0
2023-12-17,S003,P0009,430.0
2023-12-18,S003,P0009,0.0
2023-12-19,S003,P0009,0.0
2023-12-20,S003,P0009,550.0
2023-12-21,S003,P0009,0.0
2023-12-22,S003,P0009,0.0
2023-12-23,S003,P0009,0.0
2023-12-24,S003,P0009,0.0
2023-12-25,S003,P0009,302.0
2023-12-26,S003,P0009,0.0
2023-12-27,S003,P0009,0.0
2023-12-28,S003,P0009,151.0
2023-12-29,S003,P0009,0.0
2023-12-30,S003,P0009,144.0
2023-12-31,S003,P0009,0.0
2024-01-01,S003,P0009,145.0
2024-01-02,S003,P0009,0.0
2024-01-03,S003,P0009,122.0
2024-01-04,S003,P0009,0.0
2024-01-05,S003,P0009,126.0
2024-01-06,S003,P0009,0.0
2024-01-07,S003,P0009,87.0
2024-01-08,S003,P0009,0.0
2024-01-09,S003,P0009,226.0
2024-01-10,S003,P0009,0.0
2024-01-11,S003,P0009,281.0
2024-01-12,S003,P0009,0.0
2024-01-13,S003,P0009,314.0
2024-01-14,S003,P0009,0.0
2024-01-15,S003,P0009,0.0
2024-01-16,S003,P0009,271.0
2024-01-17,S003,P0009,0.0
2024-01-18,S003,P0009,152.0
2024-01-19,S003,P0009,0.0
2024-01-20,S003,P0009,466.0
2024-01-21,S003,P0009,0.0
2024-01-22,S003,P0009,0.0
2024-01-23,S003,P0009,0.0
2024-01-24,S003,P0009,373.0
2024-01-25,S003,P0009,0.0
2024-01-26,S003,P0009,94.0
2024-01-27,S003,P0009,267.0
2024-01-28,S003,P0009,0.0
2024-01-29,S003,P0009,0.0
2024-01-30,S003,P0009,0.0
2023-10-31,S003,P0010,326.0
2023-11-01,S003,P0010,0.0
2023-11-02,S003,P0010,0.0
2023-11-03,S003,P0010,571.0
2023-11-04,S003,P0010,0.0
2023-11-05,S003,P0010,0.0
2023-11-06,S003,P0010,0.0
2023-11-07,S003,P0010,907.0
2023-11-08,S003,P0010,0.0
2023-11-09,S003,P0010,0.0
2023-11-10,S003,P0010,0.0
2023-11-11,S003,P0010,0.0
2023-11-12,S003,P0010,0.0
2023-11-13,S003,P0010,604.0
2023-11-14,S003,P0010,0.0
2023-11-15,S003,P0010,0.0
2023-11-16,S003,P0010,0.0
2023-11-17,S003,P0010,0.0
2023-11-18,S003,P0010,1100.0
2023-11-19,S003,P0010,0.0
2023-11-20,S003,P0010,0.0
2023-11-21,S003,P0010,0.0
2023-11-22,S003,P0010,0.0
2023-11-23,S003,P0010,0.0
2023-11-24,S003,P0010,0.0
2023-11-25,S003,P0010,0.0
2023-11-26,S003,P0010,456.0
2023-11-27,S003,P0010,0.0
2023-11-28,S003,P0010,0.0
2023-11-29,S003,P0010,0.0
2023-11-30,S003,P0010,464.0
2023-12-01,S003,P0010,0.0
2023-12-02,S003,P0010,0.0
2023-12-03,S003,P0010,0.0
2023-12-04,S003,P0010,695.0
2023-12-05,S003,P0010,0.0
2023-12-06,S003,P0010,0.0
2023-12-07,S003,P0010,0.0
2023-12-08,S003,P0010,0.0
2023-12-09,S003,P0010,254.0
2023-12-10,S003,P0010,0.0
2023-12-11,S003,P0010,206.0
2023-12-12,S003,P0010,0.0
2023-12-13,S003,P0010,326.0
2023-12-14,S003,P0010,0.0
2023-12-15,S003,P0010,0.0
2023-12-16,S003,P0010,0.0
2023-12-17,S003,P0010,244.0
2023-12-18,S003,P0010,0.0
2023-12-19,S003,P0010,0.0
2023-12-20,S003,P0010,405.0
2023-12-21,S003,P0010,0.0
2023-12-22,S003,P0010,188.0
2023-12-23,S003,P0010,0.0
2023-12-24,S003,P0010,211.0
2023-12-25,S003,P0010,0.0
2023-12-26,S003,P0010,268.0
2023-12-27,S003,P0010,0.0
2023-12-28,S003,P0010,189.0
2023-12-29,S003,P0010,0.0
2023-12-30,S003,P0010,275.0
2023-12-31,S003,P0010,0.0
2024-01-01,S003,P0010,0.0
2024-01-02,S003,P0010,155.0
2024-01-03,S003,P0010,0.0
2024-01-04,S003,P0010,0.0
2024-01-05,S003,P0010,268.0
2024-01-06,S003,P0010,0.0
2024-01-07,S003,P0010,285.0
2024-01-08,S003,P0010,0.0
2024-01-09,S003,P0010,0.0
2024-01-10,S003,P0010,426.0
2024-01-11,S003,P0010,0.0
2024-01-12,S003,P0010,0.0
2024-01-13,S003,P0010,340.0
2024-01-14,S003,P0010,0.0
2024-01-15,S003,P0010,0.0
2024-01-16,S003,P0010,240.0
2024-01-17,S003,P0010,0.0
2024-01-18,S003,P0010,238.0
2024-01-19,S003,P0010,0.0
2024-01-20,S003,P0010,135.0
2024-01-21,S003,P0010,0.0
2024-01-22,S003,P0010,190.0
2024-01-23,S003,P0010,0.0
2024-01-24,S003,P0010,336.0
2024-01-25,S003,P0010,0.0
2024-01-26,S003,P0010,0.0
2024-01-27,S003,P0010,241.0
2024-01-28,S003,P0010,0.0
2024-01-29,S003,P0010,0.0
2024-01-30,S003,P0010,0.0
2023-10-31,S003,P0011,134.0
2023-11-01,S003,P0011,343.0
2023-11-02,S003,P0011,0.0
2023-11-03,S003,P0011,0.0
2023-11-04,S003,P0011,296.0
2023-11-05,S003,P0011,0.0
2023-11-06,S003,P0011,398.0
2023-11-07,S003,P0011,0.0
2023-11-08,S003,P0011,0.0
2023-11-09,S003,P0011,215.0
2023-11-10,S003,P0011,0.0
2023-11-11,S003,P0011,190.0
2023-11-12,S003,P0011,48.0
2023-11-13,S003,P0011,104.0
2023-11-14,S003,P0011,348.0
2023-11-15,S003,P0011,0.0
2023-11-16,S003,P0011,0.0
2023-11-17,S003,P0011,188.0
2023-11-18,S003,P0011,178.0
2023-11-19,S003,P0011,0.0
2023-11-20,S003,P0011,109.0
2023-11-21,S003,P0011,84.0
2023-11-22,S003,P0011,478.0
2023-11-23,S003,P0011,0.0
2023-11-24,S003,P0011,0.0
2023-11-25,S003,P0011,0.0
2023-11-26,S003,P0011,123.0
2023-11-27,S003,P0011,188.0
2023-11-28,S003,P0011,0.0
2023-11-29,S003,P0011,142.0
2023-11-30,S003,P0011,444.0
2023-12-01,S003,P0011,0.0
2023-12-02,S003,P0011,0.0
2023-12-03,S003,P0011,309.0
2023-12-04,S003,P0011,0.0
2023-12-05,S003,P0011,0.0
2023-12-06,S003,P0011,384.0
2023-12-07,S003,P0011,0.0
2023-12-08,S003,P0011,189.0
2023-12-09,S003,P0011,0.0
2023-12-10,S003,P0011,551.0
2023-12-11,S003,P0011,0.0
2023-12-12,S003,P0011,0.0
2023-12-13,S003,P0011,0.0
2023-12-14,S003,P0011,0.0
2023-12-15,S003,P0011,314.0
2023-12-16,S003,P0011,0.0
2023-12-17,S003,P0011,0.0
2023-12-18,S003,P0011,386.0
2023-12-19,S003,P0011,0.0
2023-12-20,S003,P0011,0.0
2023-12-21,S003,P0011,380.0
2023-12-22,S003,P0011,0.0
2023-12-23,S003,P0011,0.0
2023-12-24,S003,P0011,0.0
2023-12-25,S003,P0011,450.0
2023-12-26,S003,P0011,0.0
2023-12-27,S003,P0011,0.0
2023-12-28,S003,P0011,0.0
2023-12-29,S003,P0011,0.0
2023-12-30,S003,P0011,18.0
2023-12-31,S003,P0011,141.0
2024-01-01,S003,P0011,0.0
2024-01-02,S003,P0011,0.0
2024-01-03,S003,P0011,107.0
2024-01-04,S003,P0011,0.0
2024-01-05,S003,P0011,156.0
2024-01-06,S003,P0011,0.0
2024-01-07,S003,P0011,107.0
2024-01-08,S003,P0011,0.0
2024-01-09,S003,P0011,102.0
2024-01-10,S003,P0011,0.0
2024-01-11,S003,P0011,157.0
2024-01-12,S003,P0011,252.0
2024-01-13,S003,P0011,0.0
2024-01-14,S003,P0011,0.0
2024-01-15,S003,P0011,347.0
2024-01-16,S003,P0011,0.0
2024-01-17,S003,P0011,0.0
2024-01-18,S003,P0011,241.0
2024-01-19,S003,P0011,0.0
2024-01-20,S003,P0011,484.0
2024-01-21,S003,P0011,0.0
2024-01-22,S003,P0011,0.0
2024-01-23,S003,P0011,0.0
2024-01-24,S003,P0011,187.0
2024-01-25,S003,P0011,0.0
2024-01-26,S003,P0011,91.0
2024-01-27,S003,P0011,207.0
2024-01-28,S003,P0011,0.0
2024-01-29,S003,P0011,0.0
2024-01-30,S003,P0011,0.0
2023-10-31,S003,P0012,264.0
2023-11-01,S003,P0012,0.0
2023-11-02,S003,P0012,0.0
2023-11-03,S003,P0012,0.0
2023-11-04,S003,P0012,229.0
2023-11-05,S003,P0012,0.0
2023-11-06,S003,P0012,0.0
2023-11-07,S003,P0012,83.0
2023-11-08,S003,P0012,0.0
2023-11-09,S003,P0012,422.0
2023-11-10,S003,P0012,0.0
2023-11-11,S003,P0012,0.0
2023-11-12,S003,P0012,0.0
2023-11-13,S003,P0012,0.0
2023-11-14,S003,P0012,129.0
2023-11-15,S003,P0012,0.0
2023-11-16,S003,P0012,600.0
2023-11-17,S003,P0012,0.0
2023-11-18,S003,P0012,0.0
2023-11-19,S003,P0012,0.0
2023-11-20,S003,P0012,0.0
2023-11-21,S003,P0012,0.0
2023-11-22,S003,P0012,503.0
2023-11-23,S003,P0012,0.0
2023-11-24,S003,P0012,0.0
2023-11-25,S003,P0012,0.0
2023-11-26,S003,P0012,196.0
2023-11-27,S003,P0012,0.0
2023-11-28,S003,P0012,154.0
2023-11-29,S003,P0012,0.0
2023-11-30,S003,P0012,344.0
2023-12-01,S003,P0012,0.0
2023-12-02,S003,P0012,0.0
2023-12-03,S003,P0012,249.0
2023-12-04,S003,P0012,0.0
2023-12-05,S003,P0012,0.0
2023-12-06,S003,P0012,243.0
2023-12-07,S003,P0012,0.0
2023-12-08,S003,P0012,0.0
2023-12-09,S003,P0012,158.0
2023-12-10,S003,P0012,0.0
2023-12-11,S003,P0012,222.0
2023-12-12,S003,P0012,0.0
2023-12-13,S003,P0012,0.0
2023-12-14,S003,P0012,195.0
2023-12-15,S003,P0012,0.0
2023-12-16,S003,P0012,382.0
2023-12-17,S003,P0012,0.0
2023-12-18,S003,P0012,0.0
2023-12-19,S003,P0012,0.0
2023-12-20,S003,P0012,0.0
2023-12-21,S003,P0012,37.0
2023-12-22,S003,P0012,183.0
2023-12-23,S003,P0012,0.0
2023-12-24,S003,P0012,129.0
2023-12-25,S003,P0012,0.0
2023-12-26,S003,P0012,215.0
2023-12-27,S003,P0012,0.0
2023-12-28,S003,P0012,0.0
2023-12-29,S003,P0012,0.0
2023-12-30,S003,P0012,44.0
2023-12-31,S003,P0012,88.0
2024-01-01,S003,P0012,0.0
2024-01-02,S003,P0012,0.0
2024-01-03,S003,P0012,57.0
2024-01-04,S003,P0012,0.0
2024-01-05,S003,P0012,81.0
2024-01-06,S003,P0012,0.0
2024-01-07,S003,P0012,63.0
2024-01-08,S003,P0012,0.0
2024-01-09,S003,P0012,206.0
2024-01-10,S003,P0012,0.0
2024-01-11,S003,P0012,87.0
2024-01-12,S003,P0012,229.0
2024-01-13,S003,P0012,0.0
2024-01-14,S003,P0012,0.0
2024-01-15,S003,P0012,270.0
2024-01-16,S003,P0012,0.0
2024-01-17,S003,P0012,0.0
2024-01-18,S003,P0012,178.0
2024-01-19,S003,P0012,0.0
2024-01-20,S003,P0012,428.0
2024-01-21,S003,P0012,0.0
2024-01-22,S003,P0012,0.0
2024-01-23,S003,P0012,0.0
2024-01-24,S003,P0012,196.0
2024-01-25,S003,P0012,0.0
2024-01-26,S003,P0012,93.0
2024-01-27,S003,P0012,219.0
2024-01-28,S003,P0012,0.0
2024-01-29,S003,P0012,0.0
2024-01-30,S003,P0012,0.0
2023-10-31,S003,P0013,107.0
2023-11-01,S003,P0013,402.0
2023-11-02,S003,P0013,0.0
2023-11-03,S003,P0013,0.0
2023-11-04,S003,P0013,183.0
2023-11-05,S003,P0013,0.0
2023-11-06,S003,P0013,345.0
2023-11-07,S003,P0013,0.0
2023-11-08,S003,P0013,0.0
2023-11-09,S003,P0013,107.0
2023-11-10,S003,P0013,0.0
2023-11-11,S003,P0013,94.0
2023-11-12,S003,P0013,268.0
2023-11-13,S003,P0013,0.0
2023-11-14,S003,P0013,0.0
2023-11-15,S003,P0013,365.0
2023-11-16,S003,P0013,0.0
2023-11-17,S003,P0013,54.0
2023-11-18,S003,P0013,675.0
2023-11-19,S003,P0013,0.0
2023-11-20,S003,P0013,0.0
2023-11-21,S003,P0013,0.0
2023-11-22,S003,P0013,0.0
2023-11-23,S003,P0013,107.0
2023-11-24,S003,P0013,207.0
2023-11-25,S003,P0013,0.0
2023-11-26,S003,P0013,236.0
2023-11-27,S003,P0013,0.0
2023-11-28,S003,P0013,117.0
2023-11-29,S003,P0013,126.0
2023-11-30,S003,P0013,408.0
2023-12-01,S003,P0013,0.0
2023-12-02,S003,P0013,0.0
2023-12-03,S003,P0013,113.0
2023-12-04,S003,P0013,279.0
2023-12-05,S003,P0013,0.0
2023-12-06,S003,P0013,352.0
2023-12-07,S003,P0013,0.0
2023-12-08,S003,P0013,0.0
2023-12-09,S003,P0013,590.0
2023-12-10,S003,P0013,0.0
2023-12-11,S003,P0013,0.0
2023-12-12,S003,P0013,0.0
2023-12-13,S003,P0013,0.0
2023-12-14,S003,P0013,207.0
2023-12-15,S003,P0013,0.0
2023-12-16,S003,P0013,541.0
2023-12-17,S003,P0013,0.0
2023-12-18,S003,P0013,0.0
2023-12-19,S003,P0013,0.0
2023-12-20,S003,P0013,0.0
2023-12-21,S003,P0013,153.0
2023-12-22,S003,P0013,266.0
2023-12-23,S003,P0013,0.0
2023-12-24,S003,P0013,286.0
2023-12-25,S003,P0013,0.0
2023-12-26,S003,P0013,55.0
2023-12-27,S003,P0013,222.0
2023-12-28,S003,P0013,0.0
2023-12-29,S003,P0013,0.0
2023-12-30,S003,P0013,177.0
2023-12-31,S003,P0013,0.0
2024-01-01,S003,P0013,149.0
2024-01-02,S003,P0013,0.0
2024-01-03,S003,P0013,121.0
2024-01-04,S003,P0013,0.0
2024-01-05,S003,P0013,185.0
2024-01-06,S003,P0013,0.0
2024-01-07,S003,P0013,209.0
2024-01-08,S003,P0013,0.0
2024-01-09,S003,P0013,279.0
2024-01-10,S003,P0013,0.0
2024-01-11,S003,P0013,83.0
2024-01-12,S003,P0013,363.0
2024-01-13,S003,P0013,0.0
2024-01-14,S003,P0013,0.0
2024-01-15,S003,P0013,379.0
2024-01-16,S003,P0013,0.0
2024-01-17,S003,P0013,0.0
2024-01-18,S003,P0013,248.0
2024-01-19,S003,P0013,0.0
2024-01-20,S003,P0013,549.0
2024-01-21,S003,P0013,0.0
2024-01-22,S003,P0013,0.0
2024-01-23,S003,P0013,0.0
2024-01-24,S003,P0013,290.0
2024-01-25,S003,P0013,0.0
2024-01-26,S003,P0013,52.0
2024-01-27,S003,P0013,273.0
2024-01-28,S003,P0013,0.0
2024-01-29,S003,P0013,0.0
2024-01-30,S003,P0013,0.0
2023-10-31,S003,P0014,301.0
2023-11-01,S003,P0014,0.0
2023-11-02,S003,P0014,0.0
2023-11-03,S003,P0014,0.0
2023-11-04,S003,P0014,373.0
2023-11-05,S003,P0014,0.0
2023-11-06,S003,P0014,0.0
2023-11-07,S003,P0014,122.0
2023-11-08,S003,P0014,370.0
2023-11-09,S003,P0014,0.0
2023-11-10,S003,P0014,641.0
2023-11-11,S003,P0014,0.0
2023-11-12,S003,P0014,0.0
2023-11-13,S003,P0014,0.0
2023-11-14,S003,P0014,353.0
2023-11-15,S003,P0014,0.0
2023-11-16,S003,P0014,116.0
2023-11-17,S003,P0014,109.0
2023-11-18,S003,P0014,176.0
2023-11-19,S003,P0014,0.0
2023-11-20,S003,P0014,113.0
2023-11-21,S003,P0014,523.0
2023-11-22,S003,P0014,0.0
2023-11-23,S003,P0014,0.0
2023-11-24,S003,P0014,0.0
2023-11-25,S003,P0014,0.0
2023-11-26,S003,P0014,158.0
2023-11-27,S003,P0014,107.0
2023-11-28,S003,P0014,274.0
2023-11-29,S003,P0014,0.0
2023-11-30,S003,P0014,590.0
2023-12-01,S003,P0014,0.0
2023-12-02,S003,P0014,0.0
2023-12-03,S003,P0014,0.0
2023-12-04,S003,P0014,124.0
2023-12-05,S003,P0014,121.0
2023-12-06,S003,P0014,94.0
2023-12-07,S003,P0014,258.0
2023-12-08,S003,P0014,0.0
2023-12-09,S003,P0014,0.0
2023-12-10,S003,P0014,507.0
2023-12-11,S003,P0014,0.0
2023-12-12,S003,P0014,0.0
2023-12-13,S003,P0014,104.0
2023-12-14,S003,P0014,221.0
2023-12-15,S003,P0014,0.0
2023-12-16,S003,P0014,528.0
2023-12-17,S003,P0014,0.0
2023-12-18,S003,P0014,0.0
2023-12-19,S003,P0014,0.0
2023-12-20,S003,P0014,171.0
2023-12-21,S003,P0014,211.0
2023-12-22,S003,P0014,361.0
2023-12-23,S003,P0014,0.0
2023-12-24,S003,P0014,200.0
2023-12-25,S003,P0014,0.0
2023-12-26,S003,P0014,208.0
2023-12-27,S003,P0014,0.0
2023-12-28,S003,P0014,0.0
2023-12-29,S003,P0014,69.0
2023-12-30,S003,P0014,86.0
2023-12-31,S003,P0014,316.0
2024-01-01,S003,P0014,0.0
2024-01-02,S003,P0014,0.0
2024-01-03,S003,P0014,64.0
2024-01-04,S003,P0014,101.0
2024-01-05,S003,P0014,197.0
2024-01-06,S003,P0014,0.0
2024-01-07,S003,P0014,103.0
2024-01-08,S003,P0014,0.0
2024-01-09,S003,P0014,127.0
2024-01-10,S003,P0014,119.0
2024-01-11,S003,P0014,66.0
2024-01-12,S003,P0014,204.0
2024-01-13,S003,P0014,0.0
2024-01-14,S003,P0014,481.0
2024-01-15,S003,P0014,0.0
2024-01-16,S003,P0014,0.0
2024-01-17,S003,P0014,75.0
2024-01-18,S003,P0014,332.0
2024-01-19,S003,P0014,0.0
2024-01-20,S003,P0014,151.0
2024-01-21,S003,P0014,638.0
2024-01-22,S003,P0014,0.0
2024-01-23,S003,P0014,0.0
2024-01-24,S003,P0014,0.0
2024-01-25,S003,P0014,0.0
2024-01-26,S003,P0014,331.0
2024-01-27,S003,P0014,0.0
2024-01-28,S003,P0014,0.0
2024-01-29,S003,P0014,0.0
2024-01-30,S003,P0014,0.0
2023-10-31,S003,P0015,109.0
2023-11-01,S003,P0015,439.0
2023-11-02,S003,P0015,0.0
2023-11-03,S003,P0015,0.0
2023-11-04,S003,P0015,114.0
2023-11-05,S003,P0015,154.0
2023-11-06,S003,P0015,0.0
2023-11-07,S003,P0015,104.0
2023-11-08,S003,P0015,116.0
2023-11-09,S003,P0015,254.0
2023-11-10,S003,P0015,0.0
2023-11-11,S003,P0015,0.0
2023-11-12,S003,P0015,379.0
2023-11-13,S003,P0015,0.0
2023-11-14,S003,P0015,0.0
2023-11-15,S003,P0015,117.0
2023-11-16,S003,P0015,438.0
2023-11-17,S003,P0015,0.0
2023-11-18,S003,P0015,0.0
2023-11-19,S003,P0015,0.0
2023-11-20,S003,P0015,200.0
2023-11-21,S003,P0015,104.0
2023-11-22,S003,P0015,546.0
2023-11-23,S003,P0015,0.0
2023-11-24,S003,P0015,0.0
2023-11-25,S003,P0015,0.0
2023-11-26,S003,P0015,111.0
2023-11-27,S003,P0015,136.0
2023-11-28,S003,P0015,156.0
2023-11-29,S003,P0015,80.0
2023-11-30,S003,P0015,362.0
2023-12-01,S003,P0015,0.0
2023-12-02,S003,P0015,0.0
2023-12-03,S003,P0015,128.0
2023-12-04,S003,P0015,160.0
2023-12-05,S003,P0015,240.0
2023-12-06,S003,P0015,0.0
2023-12-07,S003,P0015,70.0
2023-12-08,S003,P0015,99.0
2023-12-09,S003,P0015,0.0
2023-12-10,S003,P0015,258.0
2023-12-11,S003,P0015,0.0
2023-12-12,S003,P0015,0.0
2023-12-13,S003,P0015,90.0
2023-12-14,S003,P0015,122.0
2023-12-15,S003,P0015,0.0
2023-12-16,S003,P0015,497.0
2023-12-17,S003,P0015,0.0
2023-12-18,S003,P0015,0.0
2023-12-19,S003,P0015,92.0
2023-12-20,S003,P0015,138.0
2023-12-21,S003,P0015,142.0
2023-12-22,S003,P0015,166.0
2023-12-23,S003,P0015,0.0
2023-12-24,S003,P0015,258.0
2023-12-25,S003,P0015,0.0
2023-12-26,S003,P0015,105.0
2023-12-27,S003,P0015,294.0
2023-12-28,S003,P0015,0.0
2023-12-29,S003,P0015,0.0
2023-12-30,S003,P0015,193.0
2023-12-31,S003,P0015,0.0
2024-01-01,S003,P0015,154.0
2024-01-02,S003,P0015,0.0
2024-01-03,S003,P0015,0.0
2024-01-04,S003,P0015,69.0
2024-01-05,S003,P0015,102.0
2024-01-06,S003,P0015,0.0
2024-01-07,S003,P0015,134.0
2024-01-08,S003,P0015,0.0
2024-01-09,S003,P0015,250.0
2024-01-10,S003,P0015,0.0
2024-01-11,S003,P0015,111.0
2024-01-12,S003,P0015,142.0
2024-01-13,S003,P0015,442.0
2024-01-14,S003,P0015,0.0
2024-01-15,S003,P0015,0.0
2024-01-16,S003,P0015,167.0
2024-01-17,S003,P0015,0.0
2024-01-18,S003,P0015,142.0
2024-01-19,S003,P0015,93.0
2024-01-20,S003,P0015,237.0
2024-01-21,S003,P0015,522.0
2024-01-22,S003,P0015,0.0
2024-01-23,S003,P0015,0.0
2024-01-24,S003,P0015,0.0
2024-01-25,S003,P0015,188.0
2024-01-26,S003,P0015,146.0
2024-01-27,S003,P0015,309.0
2024-01-28,S003,P0015,0.0
2024-01-29,S003,P0015,0.0
2024-01-30,S003,P0015,0.0
2023-10-31,S003,P0016,518.0
2023-11-01,S003,P0016,0.0
2023-11-02,S003,P0016,0.0
2023-11-03,S003,P0016,0.0
2023-11-04,S003,P0016,354.0
2023-11-05,S003,P0016,0.0
2023-11-06,S003,P0016,0.0
2023-11-07,S003,P0016,569.0
2023-11-08,S003,P0016,0.0
2023-11-09,S003,P0016,0.0
2023-11-10,S003,P0016,0.0
2023-11-11,S003,P0016,0.0
2023-11-12,S003,P0016,272.0
2023-11-13,S003,P0016,0.0
2023-11-14,S003,P0016,0.0
2023-11-15,S003,P0016,170.0
2023-11-16,S003,P0016,0.0
2023-11-17,S003,P0016,866.0
2023-11-18,S003,P0016,0.0
2023-11-19,S003,P0016,0.0
2023-11-20,S003,P0016,0.0
2023-11-21,S003,P0016,0.0
2023-11-22,S003,P0016,0.0
2023-11-23,S003,P0016,0.0
2023-11-24,S003,P0016,227.0
2023-11-25,S003,P0016,0.0
2023-11-26,S003,P0016,495.0
2023-11-27,S003,P0016,0.0
2023-11-28,S003,P0016,0.0
2023-11-29,S003,P0016,0.0
2023-11-30,S003,P0016,442.0
2023-12-01,S003,P0016,0.0
2023-12-02,S003,P0016,0.0
2023-12-03,S003,P0016,381.0
2023-12-04,S003,P0016,0.0
2023-12-05,S003,P0016,0.0
2023-12-06,S003,P0016,368.0
2023-12-07,S003,P0016,0.0
2023-12-08,S003,P0016,0.0
2023-12-09,S003,P0016,815.0
2023-12-10,S003,P0016,0.0
2023-12-11,S003,P0016,0.0
2023-12-12,S003,P0016,0.0
2023-12-13,S003,P0016,0.0
2023-12-14,S003,P0016,0.0
2023-12-15,S003,P0016,0.0
2023-12-16,S003,P0016,0.0
2023-12-17,S003,P0016,385.0
2023-12-18,S003,P0016,0.0
2023-12-19,S003,P0016,0.0
2023-12-20,S003,P0016,186.0
2023-12-21,S003,P0016,0.0
2023-12-22,S003,P0016,263.0
2023-12-23,S003,P0016,0.0
2023-12-24,S003,P0016,116.0
2023-12-25,S003,P0016,0.0
2023-12-26,S003,P0016,422.0
2023-12-27,S003,P0016,0.0
2023-12-28,S003,P0016,0.0
2023-12-29,S003,P0016,0.0
2023-12-30,S003,P0016,139.0
2023-12-31,S003,P0016,0.0
2024-01-01,S003,P0016,114.0
2024-01-02,S003,P0016,0.0
2024-01-03,S003,P0016,130.0
2024-01-04,S003,P0016,0.0
2024-01-05,S003,P0016,139.0
2024-01-06,S003,P0016,0.0
2024-01-07,S003,P0016,95.0
2024-01-08,S003,P0016,0.0
2024-01-09,S003,P0016,271.0
2024-01-10,S003,P0016,0.0
2024-01-11,S003,P0016,0.0
2024-01-12,S003,P0016,409.0
2024-01-13,S003,P0016,0.0
2024-01-14,S003,P0016,0.0
2024-01-15,S003,P0016,329.0
2024-01-16,S003,P0016,0.0
2024-01-17,S003,P0016,0.0
2024-01-18,S003,P0016,262.0
2024-01-19,S003,P0016,0.0
2024-01-20,S003,P0016,583.0
2024-01-21,S003,P0016,0.0
2024-01-22,S003,P0016,0.0
2024-01-23,S003,P0016,0.0
2024-01-24,S003,P0016,0.0
2024-01-25,S003,P0016,308.0
2024-01-26,S003,P0016,0.0
2024-01-27,S003,P0016,153.0
2024-01-28,S003,P0016,0.0
2024-01-29,S003,P0016,0.0
2024-01-30,S003,P0016,0.0
2023-10-31,S003,P0017,65.0
2023-11-01,S003,P0017,106.0
2023-11-02,S003,P0017,161.0
2023-11-03,S003,P0017,0.0
2023-11-04,S003,P0017,488.0
2023-11-05,S003,P0017,0.0
2023-11-06,S003,P0017,0.0
2023-11-07,S003,P0017,0.0
2023-11-08,S003,P0017,0.0
2023-11-09,S003,P0017,81.0
2023-11-10,S003,P0017,191.0
2023-11-11,S003,P0017,0.0
2023-11-12,S003,P0017,0.0
2023-11-13,S003,P0017,74.0
2023-11-14,S003,P0017,181.0
2023-11-15,S003,P0017,0.0
2023-11-16,S003,P0017,315.0
2023-11-17,S003,P0017,0.0
2023-11-18,S003,P0017,0.0
2023-11-19,S003,P0017,0.0
2023-11-20,S003,P0017,82.0
2023-11-21,S003,P0017,78.0
2023-11-22,S003,P0017,389.0
2023-11-23,S003,P0017,0.0
2023-11-24,S003,P0017,0.0
2023-11-25,S003,P0017,0.0
2023-11-26,S003,P0017,98.0
2023-11-27,S003,P0017,236.0
2023-11-28,S003,P0017,0.0
2023-11-29,S003,P0017,0.0
2023-11-30,S003,P0017,133.0
2023-12-01,S003,P0017,0.0
2023-12-02,S003,P0017,0.0
2023-12-03,S003,P0017,91.0
2023-12-04,S003,P0017,118.0
2023-12-05,S003,P0017,0.0
2023-12-06,S003,P0017,176.0
2023-12-07,S003,P0017,0.0
2023-12-08,S003,P0017,280.0
2023-12-09,S003,P0017,0.0
2023-12-10,S003,P0017,0.0
2023-12-11,S003,P0017,0.0
2023-12-12,S003,P0017,117.0
2023-12-13,S003,P0017,266.0
2023-12-14,S003,P0017,0.0
2023-12-15,S003,P0017,0.0
2023-12-16,S003,P0017,224.0
2023-12-17,S003,P0017,0.0
2023-12-18,S003,P0017,0.0
2023-12-19,S003,P0017,189.0
2023-12-20,S003,P0017,0.0
2023-12-21,S003,P0017,103.0
2023-12-22,S003,P0017,200.0
2023-12-23,S003,P0017,0.0
2023-12-24,S003,P0017,350.0
2023-12-25,S003,P0017,0.0
2023-12-26,S003,P0017,0.0
2023-12-27,S003,P0017,0.0
2023-12-28,S003,P0017,0.0
2023-12-29,S003,P0017,0.0
2023-12-30,S003,P0017,61.0
2023-12-31,S003,P0017,0.0
2024-01-01,S003,P0017,70.0
2024-01-02,S003,P0017,0.0
2024-01-03,S003,P0017,0.0
2024-01-04,S003,P0017,13.0
2024-01-05,S003,P0017,49.0
2024-01-06,S003,P0017,0.0
2024-01-07,S003,P0017,38.0
2024-01-08,S003,P0017,0.0
2024-01-09,S003,P0017,119.0
2024-01-10,S003,P0017,0.0
2024-01-11,S003,P0017,120.0
2024-01-12,S003,P0017,268.0
2024-01-13,S003,P0017,0.0
2024-01-14,S003,P0017,0.0
2024-01-15,S003,P0017,233.0
2024-01-16,S003,P0017,0.0
2024-01-17,S003,P0017,0.0
2024-01-18,S003,P0017,166.0
2024-01-19,S003,P0017,0.0
2024-01-20,S003,P0017,101.0
2024-01-21,S003,P0017,190.0
2024-01-22,S003,P0017,0.0
2024-01-23,S003,P0017,101.0
2024-01-24,S003,P0017,143.0
2024-01-25,S003,P0017,0.0
2024-01-26,S003,P0017,118.0
2024-01-27,S003,P0017,248.0
2024-01-28,S003,P0017,0.0
2024-01-29,S003,P0017,0.0
2024-01-30,S003,P0017,0.0
2023-10-31,S003,P0018,44.0
2023-11-01,S003,P0018,96.0
2023-11-02,S003,P0018,127.0
2023-11-03,S003,P0018,27.0
2023-11-04,S003,P0018,54.0
2023-11-05,S003,P0018,127.0
2023-11-06,S003,P0018,0.0
2023-11-07,S003,P0018,73.0
2023-11-08,S003,P0018,108.0
2023-11-09,S003,P0018,294.0
2023-11-10,S003,P0018,0.0
2023-11-11,S003,P0018,0.0
2023-11-12,S003,P0018,149.0
2023-11-13,S003,P0018,96.0
2023-11-14,S003,P0018,204.0
2023-11-15,S003,P0018,0.0
2023-11-16,S003,P0018,170.0
2023-11-17,S003,P0018,0.0
2023-11-18,S003,P0018,214.0
2023-11-19,S003,P0018,0.0
2023-11-20,S003,P0018,0.0
2023-11-21,S003,P0018,70.0
2023-11-22,S003,P0018,120.0
2023-11-23,S003,P0018,84.0
2023-11-24,S003,P0018,225.0
2023-11-25,S003,P0018,0.0
2023-11-26,S003,P0018,73.0
2023-11-27,S003,P0018,71.0
2023-11-28,S003,P0018,184.0
2023-11-29,S003,P0018,0.0
2023-11-30,S003,P0018,188.0
2023-12-01,S003,P0018,0.0
2023-12-02,S003,P0018,0.0
2023-12-03,S003,P0018,268.0
2023-12-04,S003,P0018,0.0
2023-12-05,S003,P0018,0.0
2023-12-06,S003,P0018,97.0
2023-12-07,S003,P0018,174.0
2023-12-08,S003,P0018,0.0
2023-12-09,S003,P0018,0.0
2023-12-10,S003,P0018,182.0
2023-12-11,S003,P0018,0.0
2023-12-12,S003,P0018,77.0
2023-12-13,S003,P0018,138.0
2023-12-14,S003,P0018,0.0
2023-12-15,S003,P0018,63.0
2023-12-16,S003,P0018,0.0
2023-12-17,S003,P0018,301.0
2023-12-18,S003,P0018,0.0
2023-12-19,S003,P0018,0.0
2023-12-20,S003,P0018,117.0
2023-12-21,S003,P0018,101.0
2023-12-22,S003,P0018,184.0
2023-12-23,S003,P0018,0.0
2023-12-24,S003,P0018,109.0
2023-12-25,S003,P0018,0.0
2023-12-26,S003,P0018,103.0
2023-12-27,S003,P0018,119.0
2023-12-28,S003,P0018,0.0
2023-12-29,S003,P0018,0.0
2023-12-30,S003,P0018,42.0
2023-12-31,S003,P0018,62.0
2024-01-01,S003,P0018,0.0
2024-01-02,S003,P0018,0.0
2024-01-03,S003,P0018,92.0
2024-01-04,S003,P0018,0.0
2024-01-05,S003,P0018,116.0
2024-01-06,S003,P0018,0.0
2024-01-07,S003,P0018,44.0
2024-01-08,S003,P0018,0.0
2024-01-09,S003,P0018,114.0
2024-01-10,S003,P0018,0.0
2024-01-11,S003,P0018,69.0
2024-01-12,S003,P0018,202.0
2024-01-13,S003,P0018,0.0
2024-01-14,S003,P0018,0.0
2024-01-15,S003,P0018,181.0
2024-01-16,S003,P0018,0.0
2024-01-17,S003,P0018,0.0
2024-01-18,S003,P0018,165.0
2024-01-19,S003,P0018,0.0
2024-01-20,S003,P0018,111.0
2024-01-21,S003,P0018,170.0
2024-01-22,S003,P0018,0.0
2024-01-23,S003,P0018,159.0
2024-01-24,S003,P0018,0.0
2024-01-25,S003,P0018,216.0
2024-01-26,S003,P0018,0.0
2024-01-27,S003,P0018,113.0
2024-01-28,S003,P0018,0.0
2024-01-29,S003,P0018,0.0
2024-01-30,S003,P0018,0.0
2023-10-31,S003,P0019,921.0
2023-11-01,S003,P0019,0.0
2023-11-02,S003,P0019,0.0
2023-11-03,S003,P0019,0.0
2023-11-04,S003,P0019,0.0
2023-11-05,S003,P0019,0.0
2023-11-06,S003,P0019,0.0
2023-11-07,S003,P0019,0.0
2023-11-08,S003,P0019,254.0
2023-11-09,S003,P0019,0.0
2023-11-10,S003,P0019,274.0
2023-11-11,S003,P0019,0.0
2023-11-12,S003,P0019,283.0
2023-11-13,S003,P0019,0.0
2023-11-14,S003,P0019,0.0
2023-11-15,S003,P0019,225.0
2023-11-16,S003,P0019,0.0
2023-11-17,S003,P0019,269.0
2023-11-18,S003,P0019,0.0
2023-11-19,S003,P0019,651.0
2023-11-20,S003,P0019,0.0
2023-11-21,S003,P0019,0.0
2023-11-22,S003,P0019,0.0
2023-11-23,S003,P0019,0.0
2023-11-24,S003,P0019,0.0
2023-11-25,S003,P0019,684.0
2023-11-26,S003,P0019,0.0
2023-11-27,S003,P0019,0.0
2023-11-28,S003,P0019,0.0
2023-11-29,S003,P0019,0.0
2023-11-30,S003,P0019,409.0
2023-12-01,S003,P0019,0.0
2023-12-02,S003,P0019,0.0
2023-12-03,S003,P0019,450.0
2023-12-04,S003,P0019,0.0
2023-12-05,S003,P0019,0.0
2023-12-06,S003,P0019,423.0
2023-12-07,S003,P0019,0.0
2023-12-08,S003,P0019,0.0
2023-12-09,S003,P0019,174.0
2023-12-10,S003,P0019,0.0
2023-12-11,S003,P0019,352.0
2023-12-12,S003,P0019,0.0
2023-12-13,S003,P0019,0.0
2023-12-14,S003,P0019,260.0
2023-12-15,S003,P0019,0.0
2023-12-16,S003,P0019,0.0
2023-12-17,S003,P0019,239.0
2023-12-18,S003,P0019,0.0
2023-12-19,S003,P0019,0.0
2023-12-20,S003,P0019,574.0
2023-12-21,S003,P0019,0.0
2023-12-22,S003,P0019,0.0
2023-12-23,S003,P0019,0.0
2023-12-24,S003,P0019,198.0
2023-12-25,S003,P0019,0.0
2023-12-26,S003,P0019,374.0
2023-12-27,S003,P0019,0.0
2023-12-28,S003,P0019,0.0
2023-12-29,S003,P0019,0.0
2023-12-30,S003,P0019,454.0
2023-12-31,S003,P0019,0.0
2024-01-01,S003,P0019,0.0
2024-01-02,S003,P0019,0.0
2024-01-03,S003,P0019,0.0
2024-01-04,S003,P0019,0.0
2024-01-05,S003,P0019,178.0
2024-01-06,S003,P0019,0.0
2024-01-07,S003,P0019,168.0
2024-01-08,S003,P0019,0.0
2024-01-09,S003,P0019,429.0
2024-01-10,S003,P0019,0.0
2024-01-11,S003,P0019,0.0
2024-01-12,S003,P0019,352.0
2024-01-13,S003,P0019,0.0
2024-01-14,S003,P0019,0.0
2024-01-15,S003,P0019,370.0
2024-01-16,S003,P0019,0.0
2024-01-17,S003,P0019,0.0
2024-01-18,S003,P0019,307.0
2024-01-19,S003,P0019,0.0
2024-01-20,S003,P0019,669.0
2024-01-21,S003,P0019,0.0
2024-01-22,S003,P0019,0.0
2024-01-23,S003,P0019,0.0
2024-01-24,S003,P0019,0.0
2024-01-25,S003,P0019,268.0
2024-01-26,S003,P0019,0.0
2024-01-27,S003,P0019,254.0
2024-01-28,S003,P0019,0.0
2024-01-29,S003,P0019,0.0
2024-01-30,S003,P0019,0.0
2023-10-31,S003,P0020,116.0
2023-11-01,S003,P0020,357.0
2023-11-02,S003,P0020,0.0
2023-11-03,S003,P0020,0.0
2023-11-04,S003,P0020,482.0
2023-11-05,S003,P0020,0.0
2023-11-06,S003,P0020,0.0
2023-11-07,S003,P0020,0.0
2023-11-08,S003,P0020,0.0
2023-11-09,S003,P0020,94.0
2023-11-10,S003,P0020,124.0
2023-11-11,S003,P0020,96.0
2023-11-12,S003,P0020,120.0
2023-11-13,S003,P0020,436.0
2023-11-14,S003,P0020,0.0
2023-11-15,S003,P0020,0.0
2023-11-16,S003,P0020,0.0
2023-11-17,S003,P0020,174.0
2023-11-18,S003,P0020,195.0
2023-11-19,S003,P0020,0.0
2023-11-20,S003,P0020,76.0
2023-11-21,S003,P0020,76.0
2023-11-22,S003,P0020,99.0
2023-11-23,S003,P0020,62.0
2023-11-24,S003,P0020,149.0
2023-11-25,S003,P0020,0.0
2023-11-26,S003,P0020,114.0
2023-11-27,S003,P0020,84.0
2023-11-28,S003,P0020,110.0
2023-11-29,S003,P0020,95.0
2023-11-30,S003,P0020,406.0
2023-12-01,S003,P0020,0.0
2023-12-02,S003,P0020,0.0
2023-12-03,S003,P0020,324.0
2023-12-04,S003,P0020,0.0
2023-12-05,S003,P0020,310.0
2023-12-06,S003,P0020,0.0
2023-12-07,S003,P0020,175.0
2023-12-08,S003,P0020,418.0
2023-12-09,S003,P0020,0.0
2023-12-10,S003,P0020,0.0
2023-12-11,S003,P0020,0.0
2023-12-12,S003,P0020,109.0
2023-12-13,S003,P0020,633.0
2023-12-14,S003,P0020,0.0
2023-12-15,S003,P0020,0.0
2023-12-16,S003,P0020,0.0
2023-12-17,S003,P0020,142.0
2023-12-18,S003,P0020,295.0
2023-12-19,S003,P0020,119.0
2023-12-20,S003,P0020,627.0
2023-12-21,S003,P0020,0.0
2023-12-22,S003,P0020,0.0
2023-12-23,S003,P0020,0.0
2023-12-24,S003,P0020,147.0
2023-12-25,S003,P0020,111.0
2023-12-26,S003,P0020,446.0
2023-12-27,S003,P0020,0.0
2023-12-28,S003,P0020,0.0
2023-12-29,S003,P0020,122.0
2023-12-30,S003,P0020,310.0
2023-12-31,S003,P0020,0.0
2024-01-01,S003,P0020,178.0
2024-01-02,S003,P0020,0.0
2024-01-03,S003,P0020,174.0
2024-01-04,S003,P0020,0.0
2024-01-05,S003,P0020,248.0
2024-01-06,S003,P0020,98.0
2024-01-07,S003,P0020,221.0
2024-01-08,S003,P0020,0.0
2024-01-09,S003,P0020,71.0
2024-01-10,S003,P0020,109.0
2024-01-11,S003,P0020,181.0
2024-01-12,S003,P0020,466.0
2024-01-13,S003,P0020,0.0
2024-01-14,S003,P0020,0.0
2024-01-15,S003,P0020,307.0
2024-01-16,S003,P0020,0.0
2024-01-17,S003,P0020,0.0
2024-01-18,S003,P0020,139.0
2024-01-19,S003,P0020,75.0
2024-01-20,S003,P0020,98.0
2024-01-21,S003,P0020,631.0
2024-01-22,S003,P0020,0.0
2024-01-23,S003,P0020,0.0
2024-01-24,S003,P0020,0.0
2024-01-25,S003,P0020,0.0
2024-01-26,S003,P0020,69.0
2024-01-27,S003,P0020,275.0
2024-01-28,S003,P0020,0.0
2024-01-29,S003,P0020,0.0
2024-01-30,S003,P0020,0.0
2023-10-31,S004,P0001,536.0
2023-11-01,S004,P0001,0.0
2023-11-02,S004,P0001,0.0
2023-11-03,S004,P0001,0.0
2023-11-04,S004,P0001,222.0
2023-11-05,S004,P0001,0.0
2023-11-06,S004,P0001,492.0
2023-11-07,S004,P0001,0.0
2023-11-08,S004,P0001,0.0
2023-11-09,S004,P0001,297.0
2023-11-10,S004,P0001,0.0
2023-11-11,S004,P0001,884.0
2023-11-12,S004,P0001,0.0
2023-11-13,S004,P0001,0.0
2023-11-14,S004,P0001,0.0
2023-11-15,S004,P0001,0.0
2023-11-16,S004,P0001,0.0
2023-11-17,S004,P0001,454.0
2023-11-18,S004,P0001,0.0
2023-11-19,S004,P0001,0.0
2023-11-20,S004,P0001,328.0
2023-11-21,S004,P0001,0.0
2023-11-22,S004,P0001,0.0
2023-11-23,S004,P0001,0.0
2023-11-24,S004,P0001,191.0
2023-11-25,S004,P0001,0.0
2023-11-26,S004,P0001,218.0
2023-11-27,S004,P0001,0.0
2023-11-28,S004,P0001,132.0
2023-11-29,S004,P0001,0.0
2023-11-30,S004,P0001,177.0
2023-12-01,S004,P0001,0.0
2023-12-02,S004,P0001,484.0
2023-12-03,S004,P0001,0.0
2023-12-04,S004,P0001,0.0
2023-12-05,S004,P0001,0.0
2023-12-06,S004,P0001,196.0
2023-12-07,S004,P0001,0.0
2023-12-08,S004,P0001,290.0
2023-12-09,S004,P0001,0.0
2023-12-10,S004,P0001,525.0
2023-12-11,S004,P0001,0.0
2023-12-12,S004,P0001,0.0
2023-12-13,S004,P0001,0.0
2023-12-14,S004,P0001,0.0
2023-12-15,S004,P0001,340.0
2023-12-16,S004,P0001,0.0
2023-12-17,S004,P0001,307.0
2023-12-18,S004,P0001,0.0
2023-12-19,S004,P0001,0.0
2023-12-20,S004,P0001,1257.0
2023-12-21,S004,P0001,0.0
2023-12-22,S004,P0001,0.0
2023-12-23,S004,P0001,0.0
2023-12-24,S004,P0001,0.0
2023-12-25,S004,P0001,0.0
2023-12-26,S004,P0001,0.0
2023-12-27,S004,P0001,0.0
2023-12-28,S004,P0001,0.0
2023-12-29,S004,P0001,0.0
2023-12-30,S004,P0001,162.0
2023-12-31,S004,P0001,0.0
2024-01-01,S004,P0001,132.0
2024-01-02,S004,P0001,0.0
2024-01-03,S004,P0001,214.0
2024-01-04,S004,P0001,0.0
2024-01-05,S004,P0001,119.0
2024-01-06,S004,P0001,0.0
2024-01-07,S004,P0001,181.0
2024-01-08,S004,P0001,0.0
2024-01-09,S004,P0001,256.0
2024-01-10,S004,P0001,0.0
2024-01-11,S004,P0001,284.0
2024-01-12,S004,P0001,0.0
2024-01-13,S004,P0001,308.0
2024-01-14,S004,P0001,0.0
2024-01-15,S004,P0001,0.0
2024-01-16,S004,P0001,195.0
2024-01-17,S004,P0001,0.0
2024-01-18,S004,P0001,211.0
2024-01-19,S004,P0001,0.0
2024-01-20,S004,P0001,395.0
2024-01-21,S004,P0001,0.0
2024-01-22,S004,P0001,0.0
2024-01-23,S004,P0001,0.0
2024-01-24,S004,P0001,336.0
2024-01-25,S004,P0001,0.0
2024-01-26,S004,P0001,0.0
2024-01-27,S004,P0001,295.0
2024-01-28,S004,P0001,0.0
2024-01-29,S004,P0001,0.0
2024-01-30,S004,P0001,0.0
2023-10-31,S004,P0002,305.0
2023-11-01,S004,P0002,0.0
2023-11-02,S004,P0002,0.0
2023-11-03,S004,P0002,590.0
2023-11-04,S004,P0002,0.0
2023-11-05,S004,P0002,0.0
2023-11-06,S004,P0002,0.0
2023-11-07,S004,P0002,0.0
2023-11-08,S004,P0002,205.0
2023-11-09,S004,P0002,0.0
2023-11-10,S004,P0002,198.0
2023-11-11,S004,P0002,0.0
2023-11-12,S004,P0002,193.0
2023-11-13,S004,P0002,0.0
2023-11-14,S004,P0002,350.0
2023-11-15,S004,P0002,0.0
2023-11-16,S004,P0002,500.0
2023-11-17,S004,P0002,0.0
2023-11-18,S004,P0002,0.0
2023-11-19,S004,P0002,0.0
2023-11-20,S004,P0002,398.0
2023-11-21,S004,P0002,0.0
2023-11-22,S004,P0002,0.0
2023-11-23,S004,P0002,0.0
2023-11-24,S004,P0002,287.0
2023-11-25,S004,P0002,0.0
2023-11-26,S004,P0002,0.0
2023-11-27,S004,P0002,332.0
2023-11-28,S004,P0002,0.0
2023-11-29,S004,P0002,0.0
2023-11-30,S004,P0002,357.0
2023-12-01,S004,P0002,0.0
2023-12-02,S004,P0002,0.0
2023-12-03,S004,P0002,194.0
2023-12-04,S004,P0002,0.0
2023-12-05,S004,P0002,338.0
2023-12-06,S004,P0002,0.0
2023-12-07,S004,P0002,0.0
2023-12-08,S004,P0002,175.0
2023-12-09,S004,P0002,0.0
2023-12-10,S004,P0002,311.0
2023-12-11,S004,P0002,0.0
2023-12-12,S004,P0002,0.0
2023-12-13,S004,P0002,823.0
2023-12-14,S004,P0002,0.0
2023-12-15,S004,P0002,0.0
2023-12-16,S004,P0002,0.0
2023-12-17,S004,P0002,0.0
2023-12-18,S004,P0002,1052.0
2023-12-19,S004,P0002,0.0
2023-12-20,S004,P0002,0.0
2023-12-21,S004,P0002,0.0
2023-12-22,S004,P0002,0.0
2023-12-23,S004,P0002,0.0
2023-12-24,S004,P0002,0.0
2023-12-25,S004,P0002,213.0
2023-12-26,S004,P0002,0.0
2023-12-27,S004,P0002,240.0
2023-12-28,S004,P0002,0.0
2023-12-29,S004,P0002,0.0
2023-12-30,S004,P0002,119.0
2023-12-31,S004,P0002,0.0
2024-01-01,S004,P0002,209.0
2024-01-02,S004,P0002,0.0
2024-01-03,S004,P0002,160.0
2024-01-04,S004,P0002,0.0
2024-01-05,S004,P0002,104.0
2024-01-06,S004,P0002,0.0
2024-01-07,S004,P0002,149.0
2024-01-08,S004,P0002,0.0
2024-01-09,S004,P0002,295.0
2024-01-10,S004,P0002,0.0
2024-01-11,S004,P0002,0.0
2024-01-12,S004,P0002,689.0
2024-01-13,S004,P0002,0.0
2024-01-14,S004,P0002,0.0
2024-01-15,S004,P0002,0.0
2024-01-16,S004,P0002,0.0
2024-01-17,S004,P0002,0.0
2024-01-18,S004,P0002,154.0
2024-01-19,S004,P0002,0.0
2024-01-20,S004,P0002,110.0
2024-01-21,S004,P0002,0.0
2024-01-22,S004,P0002,163.0
2024-01-23,S004,P0002,0.0
2024-01-24,S004,P0002,323.0
2024-01-25,S004,P0002,0.0
2024-01-26,S004,P0002,0.0
2024-01-27,S004,P0002,267.0
2024-01-28,S004,P0002,0.0
2024-01-29,S004,P0002,0.0
2024-01-30,S004,P0002,0.0
2023-10-31,S004,P0003,100.0
2023-11-01,S004,P0003,69.0
2023-11-02,S004,P0003,128.0
2023-11-03,S004,P0003,0.0
2023-11-04,S004,P0003,191.0
2023-11-05,S004,P0003,0.0
2023-11-06,S004,P0003,98.0
2023-11-07,S004,P0003,72.0
2023-11-08,S004,P0003,217.0
2023-11-09,S004,P0003,0.0
2023-11-10,S004,P0003,53.0
2023-11-11,S004,P0003,71.0
2023-11-12,S004,P0003,77.0
2023-11-13,S004,P0003,0.0
2023-11-14,S004,P0003,357.0
2023-11-15,S004,P0003,0.0
2023-11-16,S004,P0003,384.0
2023-11-17,S004,P0003,0.0
2023-11-18,S004,P0003,0.0
2023-11-19,S004,P0003,0.0
2023-11-20,S004,P0003,52.0
2023-11-21,S004,P0003,67.0
2023-11-22,S004,P0003,385.0
2023-11-23,S004,P0003,0.0
2023-11-24,S004,P0003,0.0
2023-11-25,S004,P0003,0.0
2023-11-26,S004,P0003,67.0
2023-11-27,S004,P0003,381.0
2023-11-28,S004,P0003,0.0
2023-11-29,S004,P0003,0.0
2023-11-30,S004,P0003,212.0
2023-12-01,S004,P0003,0.0
2023-12-02,S004,P0003,0.0
2023-12-03,S004,P0003,86.0
2023-12-04,S004,P0003,143.0
2023-12-05,S004,P0003,0.0
2023-12-06,S004,P0003,247.0
2023-12-07,S004,P0003,0.0
2023-12-08,S004,P0003,284.0
2023-12-09,S004,P0003,0.0
2023-12-10,S004,P0003,0.0
2023-12-11,S004,P0003,0.0
2023-12-12,S004,P0003,573.0
2023-12-13,S004,P0003,0.0
2023-12-14,S004,P0003,0.0
2023-12-15,S004,P0003,0.0
2023-12-16,S004,P0003,0.0
2023-12-17,S004,P0003,148.0
2023-12-18,S004,P0003,0.0
2023-12-19,S004,P0003,142.0
2023-12-20,S004,P0003,92.0
2023-12-21,S004,P0003,108.0
2023-12-22,S004,P0003,100.0
2023-12-23,S004,P0003,0.0
2023-12-24,S004,P0003,163.0
2023-12-25,S004,P0003,0.0
2023-12-26,S004,P0003,85.0
2023-12-27,S004,P0003,103.0
2023-12-28,S004,P0003,0.0
2023-12-29,S004,P0003,0.0
2023-12-30,S004,P0003,40.0
2023-12-31,S004,P0003,0.0
2024-01-01,S004,P0003,98.0
2024-01-02,S004,P0003,0.0
2024-01-03,S004,P0003,0.0
2024-01-04,S004,P0003,30.0
2024-01-05,S004,P0003,105.0
2024-01-06,S004,P0003,0.0
2024-01-07,S004,P0003,89.0
2024-01-08,S004,P0003,0.0
2024-01-09,S004,P0003,156.0
2024-01-10,S004,P0003,0.0
2024-01-11,S004,P0003,87.0
2024-01-12,S004,P0003,325.0
2024-01-13,S004,P0003,0.0
2024-01-14,S004,P0003,0.0
2024-01-15,S004,P0003,0.0
2024-01-16,S004,P0003,0.0
2024-01-17,S004,P0003,0.0
2024-01-18,S004,P0003,132.0
2024-01-19,S004,P0003,0.0
2024-01-20,S004,P0003,255.0
2024-01-21,S004,P0003,0.0
2024-01-22,S004,P0003,0.0
2024-01-23,S004,P0003,0.0
2024-01-24,S004,P0003,290.0
2024-01-25,S004,P0003,0.0
2024-01-26,S004,P0003,0.0
2024-01-27,S004,P0003,199.0
2024-01-28,S004,P0003,0.0
2024-01-29,S004,P0003,0.0
2024-01-30,S004,P0003,0.0
2023-10-31,S004,P0004,534.0
2023-11-01,S004,P0004,0.0
2023-11-02,S004,P0004,0.0
2023-11-03,S004,P0004,0.0
2023-11-04,S004,P0004,0.0
2023-11-05,S004,P0004,827.0
2023-11-06,S004,P0004,0.0
2023-11-07,S004,P0004,0.0
2023-11-08,S004,P0004,0.0
2023-11-09,S004,P0004,0.0
2023-11-10,S004,P0004,0.0
2023-11-11,S004,P0004,0.0
2023-11-12,S004,P0004,200.0
2023-11-13,S004,P0004,0.0
2023-11-14,S004,P0004,344.0
2023-11-15,S004,P0004,0.0
2023-11-16,S004,P0004,0.0
2023-11-17,S004,P0004,769.0
2023-11-18,S004,P0004,0.0
2023-11-19,S004,P0004,0.0
2023-11-20,S004,P0004,0.0
2023-11-21,S004,P0004,0.0
2023-11-22,S004,P0004,0.0
2023-11-23,S004,P0004,440.0
2023-11-24,S004,P0004,0.0
2023-11-25,S004,P0004,0.0
2023-11-26,S004,P0004,177.0
2023-11-27,S004,P0004,0.0
2023-11-28,S004,P0004,349.0
2023-11-29,S004,P0004,0.0
2023-11-30,S004,P0004,393.0
2023-12-01,S004,P0004,0.0
2023-12-02,S004,P0004,0.0
2023-12-03,S004,P0004,240.0
2023-12-04,S004,P0004,0.0
2023-12-05,S004,P0004,0.0
2023-12-06,S004,P0004,425.0
2023-12-07,S004,P0004,0.0
2023-12-08,S004,P0004,418.0
2023-12-09,S004,P0004,0.0
2023-12-10,S004,P0004,0.0
2023-12-11,S004,P0004,203.0
2023-12-12,S004,P0004,0.0
2023-12-13,S004,P0004,180.0
2023-12-14,S004,P0004,0.0
2023-12-15,S004,P0004,396.0
2023-12-16,S004,P0004,0.0
2023-12-17,S004,P0004,0.0
2023-12-18,S004,P0004,746.0
2023-12-19,S004,P0004,0.0
2023-12-20,S004,P0004,0.0
2023-12-21,S004,P0004,0.0
2023-12-22,S004,P0004,0.0
2023-12-23,S004,P0004,0.0
2023-12-24,S004,P0004,0.0
2023-12-25,S004,P0004,523.0
2023-12-26,S004,P0004,0.0
2023-12-27,S004,P0004,0.0
2023-12-28,S004,P0004,0.0
2023-12-29,S004,P0004,0.0
2023-12-30,S004,P0004,116.0
2023-12-31,S004,P0004,193.0
2024-01-01,S004,P0004,0.0
2024-01-02,S004,P0004,0.0
2024-01-03,S004,P0004,145.0
2024-01-04,S004,P0004,0.0
2024-01-05,S004,P0004,156.0
2024-01-06,S004,P0004,0.0
2024-01-07,S004,P0004,190.0
2024-01-08,S004,P0004,0.0
2024-01-09,S004,P0004,258.0
2024-01-10,S004,P0004,0.0
2024-01-11,S004,P0004,335.0
2024-01-12,S004,P0004,0.0
2024-01-13,S004,P0004,455.0
2024-01-14,S004,P0004,0.0
2024-01-15,S004,P0004,0.0
2024-01-16,S004,P0004,257.0
2024-01-17,S004,P0004,0.0
2024-01-18,S004,P0004,273.0
2024-01-19,S004,P0004,0.0
2024-01-20,S004,P0004,605.0
2024-01-21,S004,P0004,0.0
2024-01-22,S004,P0004,0.0
2024-01-23,S004,P0004,0.0
2024-01-24,S004,P0004,451.0
2024-01-25,S004,P0004,0.0
2024-01-26,S004,P0004,0.0
2024-01-27,S004,P0004,294.0
2024-01-28,S004,P0004,0.0
2024-01-29,S004,P0004,0.0
2024-01-30,S004,P0004,0.0
2023-10-31,S004,P0005,119.0
2023-11-01,S004,P0005,424.0
2023-11-02,S004,P0005,0.0
2023-11-03,S004,P0005,0.0
2023-11-04,S004,P0005,143.0
2023-11-05,S004,P0005,0.0
2023-11-06,S004,P0005,90.0
2023-11-07,S004,P0005,291.0
2023-11-08,S004,P0005,0.0
2023-11-09,S004,P0005,0.0
2023-11-10,S004,P0005,195.0
2023-11-11,S004,P0005,0.0
2023-11-12,S004,P0005,104.0
2023-11-13,S004,P0005,85.0
2023-11-14,S004,P0005,45.0
2023-11-15,S004,P0005,296.0
2023-11-16,S004,P0005,0.0
2023-11-17,S004,P0005,0.0
2023-11-18,S004,P0005,436.0
2023-11-19,S004,P0005,0.0
2023-11-20,S004,P0005,0.0
2023-11-21,S004,P0005,55.0
2023-11-22,S004,P0005,265.0
2023-11-23,S004,P0005,0.0
2023-11-24,S004,P0005,236.0
2023-11-25,S004,P0005,0.0
2023-11-26,S004,P0005,66.0
2023-11-27,S004,P0005,351.0
2023-11-28,S004,P0005,0.0
2023-11-29,S004,P0005,0.0
2023-11-30,S004,P0005,326.0
2023-12-01,S004,P0005,0.0
2023-12-02,S004,P0005,0.0
2023-12-03,S004,P0005,291.0
2023-12-04,S004,P0005,0.0
2023-12-05,S004,P0005,0.0
2023-12-06,S004,P0005,254.0
2023-12-07,S004,P0005,0.0
2023-12-08,S004,P0005,391.0
2023-12-09,S004,P0005,0.0
2023-12-10,S004,P0005,0.0
2023-12-11,S004,P0005,0.0
2023-12-12,S004,P0005,136.0
2023-12-13,S004,P0005,212.0
2023-12-14,S004,P0005,0.0
2023-12-15,S004,P0005,179.0
2023-12-16,S004,P0005,76.0
2023-12-17,S004,P0005,317.0
2023-12-18,S004,P0005,0.0
2023-12-19,S004,P0005,272.0
2023-12-20,S004,P0005,0.0
2023-12-21,S004,P0005,423.0
2023-12-22,S004,P0005,0.0
2023-12-23,S004,P0005,0.0
2023-12-24,S004,P0005,0.0
2023-12-25,S004,P0005,710.0
2023-12-26,S004,P0005,0.0
2023-12-27,S004,P0005,0.0
2023-12-28,S004,P0005,0.0
2023-12-29,S004,P0005,0.0
2023-12-30,S004,P0005,550.0
2023-12-31,S004,P0005,0.0
2024-01-01,S004,P0005,0.0
2024-01-02,S004,P0005,0.0
2024-01-03,S004,P0005,592.0
2024-01-04,S004,P0005,0.0
2024-01-05,S004,P0005,0.0
2024-01-06,S004,P0005,0.0
2024-01-07,S004,P0005,0.0
2024-01-08,S004,P0005,180.0
2024-01-09,S004,P0005,0.0
2024-01-10,S004,P0005,85.0
2024-01-11,S004,P0005,91.0
2024-01-12,S004,P0005,349.0
2024-01-13,S004,P0005,0.0
2024-01-14,S004,P0005,0.0
2024-01-15,S004,P0005,105.0
2024-01-16,S004,P0005,117.0
2024-01-17,S004,P0005,103.0
2024-01-18,S004,P0005,101.0
2024-01-19,S004,P0005,148.0
2024-01-20,S004,P0005,198.0
2024-01-21,S004,P0005,106.0
2024-01-22,S004,P0005,212.0
2024-01-23,S004,P0005,0.0
2024-01-24,S004,P0005,0.0
2024-01-25,S004,P0005,256.0
2024-01-26,S004,P0005,0.0
2024-01-27,S004,P0005,375.0
2024-01-28,S004,P0005,0.0
2024-01-29,S004,P0005,0.0
2024-01-30,S004,P0005,0.0
2023-10-31,S004,P0006,256.0
2023-11-01,S004,P0006,0.0
2023-11-02,S004,P0006,261.0
2023-11-03,S004,P0006,0.0
2023-11-04,S004,P0006,276.0
2023-11-05,S004,P0006,0.0
2023-11-06,S004,P0006,414.0
2023-11-07,S004,P0006,0.0
2023-11-08,S004,P0006,0.0
2023-11-09,S004,P0006,360.0
2023-11-10,S004,P0006,0.0
2023-11-11,S004,P0006,546.0
2023-11-12,S004,P0006,0.0
2023-11-13,S004,P0006,0.0
2023-11-14,S004,P0006,0.0
2023-11-15,S004,P0006,261.0
2023-11-16,S004,P0006,0.0
2023-11-17,S004,P0006,226.0
2023-11-18,S004,P0006,0.0
2023-11-19,S004,P0006,683.0
2023-11-20,S004,P0006,0.0
2023-11-21,S004,P0006,0.0
2023-11-22,S004,P0006,0.0
2023-11-23,S004,P0006,0.0
2023-11-24,S004,P0006,0.0
2023-11-25,S004,P0006,449.0
2023-11-26,S004,P0006,0.0
2023-11-27,S004,P0006,0.0
2023-11-28,S004,P0006,349.0
2023-11-29,S004,P0006,0.0
2023-11-30,S004,P0006,330.0
2023-12-01,S004,P0006,0.0
2023-12-02,S004,P0006,0.0
2023-12-03,S004,P0006,306.0
2023-12-04,S004,P0006,0.0
2023-12-05,S004,P0006,0.0
2023-12-06,S004,P0006,346.0
2023-12-07,S004,P0006,0.0
2023-12-08,S004,P0006,221.0
2023-12-09,S004,P0006,0.0
2023-12-10,S004,P0006,308.0
2023-12-11,S004,P0006,0.0
2023-12-12,S004,P0006,0.0
2023-12-13,S004,P0006,529.0
2023-12-14,S004,P0006,0.0
2023-12-15,S004,P0006,0.0
2023-12-16,S004,P0006,0.0
2023-12-17,S004,P0006,0.0
2023-12-18,S004,P0006,0.0
2023-12-19,S004,P0006,340.0
2023-12-20,S004,P0006,0.0
2023-12-21,S004,P0006,0.0
2023-12-22,S004,P0006,203.0
2023-12-23,S004,P0006,0.0
2023-12-24,S004,P0006,216.0
2023-12-25,S004,P0006,0.0
2023-12-26,S004,P0006,252.0
2023-12-27,S004,P0006,0.0
2023-12-28,S004,P0006,0.0
2023-12-29,S004,P0006,0.0
2023-12-30,S004,P0006,145.0
2023-12-31,S004,P0006,0.0
2024-01-01,S004,P0006,192.0
2024-01-02,S004,P0006,0.0
2024-01-03,S004,P0006,184.0
2024-01-04,S004,P0006,0.0
2024-01-05,S004,P0006,136.0
2024-01-06,S004,P0006,0.0
2024-01-07,S004,P0006,212.0
2024-01-08,S004,P0006,0.0
2024-01-09,S004,P0006,409.0
2024-01-10,S004,P0006,0.0
2024-01-11,S004,P0006,0.0
2024-01-12,S004,P0006,415.0
2024-01-13,S004,P0006,0.0
2024-01-14,S004,P0006,0.0
2024-01-15,S004,P0006,0.0
2024-01-16,S004,P0006,0.0
2024-01-17,S004,P0006,0.0
2024-01-18,S004,P0006,181.0
2024-01-19,S004,P0006,0.0
2024-01-20,S004,P0006,452.0
2024-01-21,S004,P0006,0.0
2024-01-22,S004,P0006,0.0
2024-01-23,S004,P0006,0.0
2024-01-24,S004,P0006,452.0
2024-01-25,S004,P0006,0.0
2024-01-26,S004,P0006,0.0
2024-01-27,S004,P0006,310.0
2024-01-28,S004,P0006,0.0
2024-01-29,S004,P0006,0.0
2024-01-30,S004,P0006,0.0
2023-10-31,S004,P0007,220.0
2023-11-01,S004,P0007,0.0
2023-11-02,S004,P0007,211.0
2023-11-03,S004,P0007,0.0
2023-11-04,S004,P0007,302.0
2023-11-05,S004,P0007,0.0
2023-11-06,S004,P0007,459.0
2023-11-07,S004,P0007,0.0
2023-11-08,S004,P0007,0.0
2023-11-09,S004,P0007,381.0
2023-11-10,S004,P0007,0.0
2023-11-11,S004,P0007,0.0
2023-11-12,S004,P0007,338.0
2023-11-13,S004,P0007,0.0
2023-11-14,S004,P0007,229.0
2023-11-15,S004,P0007,0.0
2023-11-16,S004,P0007,708.0
2023-11-17,S004,P0007,0.0
2023-11-18,S004,P0007,0.0
2023-11-19,S004,P0007,0.0
2023-11-20,S004,P0007,425.0
2023-11-21,S004,P0007,0.0
2023-11-22,S004,P0007,0.0
2023-11-23,S004,P0007,377.0
2023-11-24,S004,P0007,0.0
2023-11-25,S004,P0007,0.0
2023-11-26,S004,P0007,289.0
2023-11-27,S004,P0007,0.0
2023-11-28,S004,P0007,317.0
2023-11-29,S004,P0007,0.0
2023-11-30,S004,P0007,304.0
2023-12-01,S004,P0007,0.0
2023-12-02,S004,P0007,0.0
2023-12-03,S004,P0007,171.0
2023-12-04,S004,P0007,0.0
2023-12-05,S004,P0007,240.0
2023-12-06,S004,P0007,0.0
2023-12-07,S004,P0007,895.0
2023-12-08,S004,P0007,0.0
2023-12-09,S004,P0007,0.0
2023-12-10,S004,P0007,0.0
2023-12-11,S004,P0007,0.0
2023-12-12,S004,P0007,0.0
2023-12-13,S004,P0007,0.0
2023-12-14,S004,P0007,153.0
2023-12-15,S004,P0007,0.0
2023-12-16,S004,P0007,608.0
2023-12-17,S004,P0007,0.0
2023-12-18,S004,P0007,0.0
2023-12-19,S004,P0007,0.0
2023-12-20,S004,P0007,171.0
2023-12-21,S004,P0007,0.0
2023-12-22,S004,P0007,248.0
2023-12-23,S004,P0007,0.0
2023-12-24,S004,P0007,279.0
2023-12-25,S004,P0007,0.0
2023-12-26,S004,P0007,339.0
2023-12-27,S004,P0007,0.0
2023-12-28,S004,P0007,0.0
2023-12-29,S004,P0007,0.0
2023-12-30,S004,P0007,221.0
2023-12-31,S004,P0007,0.0
2024-01-01,S004,P0007,88.0
2024-01-02,S004,P0007,0.0
2024-01-03,S004,P0007,163.0
2024-01-04,S004,P0007,0.0
2024-01-05,S004,P0007,122.0
2024-01-06,S004,P0007,0.0
2024-01-07,S004,P0007,116.0
2024-01-08,S004,P0007,0.0
2024-01-09,S004,P0007,446.0
2024-01-10,S004,P0007,0.0
2024-01-11,S004,P0007,0.0
2024-01-12,S004,P0007,0.0
2024-01-13,S004,P0007,513.0
2024-01-14,S004,P0007,0.0
2024-01-15,S004,P0007,0.0
2024-01-16,S004,P0007,703.0
2024-01-17,S004,P0007,0.0
2024-01-18,S004,P0007,0.0
2024-01-19,S004,P0007,0.0
2024-01-20,S004,P0007,0.0
2024-01-21,S004,P0007,0.0
2024-01-22,S004,P0007,0.0
2024-01-23,S004,P0007,0.0
2024-01-24,S004,P0007,322.0
2024-01-25,S004,P0007,0.0
2024-01-26,S004,P0007,0.0
2024-01-27,S004,P0007,374.0
2024-01-28,S004,P0007,0.0
2024-01-29,S004,P0007,0.0
2024-01-30,S004,P0007,0.0
2023-10-31,S004,P0008,370.0
2023-11-01,S004,P0008,0.0
2023-11-02,S004,P0008,0.0
2023-11-03,S004,P0008,0.0
2023-11-04,S004,P0008,235.0
2023-11-05,S004,P0008,0.0
2023-11-06,S004,P0008,165.0
2023-11-07,S004,P0008,0.0
2023-11-08,S004,P0008,0.0
2023-11-09,S004,P0008,215.0
2023-11-10,S004,P0008,0.0
2023-11-11,S004,P0008,106.0
2023-11-12,S004,P0008,174.0
2023-11-13,S004,P0008,0.0
2023-11-14,S004,P0008,131.0
2023-11-15,S004,P0008,0.0
2023-11-16,S004,P0008,360.0
2023-11-17,S004,P0008,0.0
2023-11-18,S004,P0008,0.0
2023-11-19,S004,P0008,0.0
2023-11-20,S004,P0008,45.0
2023-11-21,S004,P0008,68.0
2023-11-22,S004,P0008,444.0
2023-11-23,S004,P0008,0.0
2023-11-24,S004,P0008,0.0
2023-11-25,S004,P0008,0.0
2023-11-26,S004,P0008,73.0
2023-11-27,S004,P0008,0.0
2023-11-28,S004,P0008,49.0
2023-11-29,S004,P0008,123.0
2023-11-30,S004,P0008,231.0
2023-12-01,S004,P0008,0.0
2023-12-02,S004,P0008,0.0
2023-12-03,S004,P0008,270.0
2023-12-04,S004,P0008,0.0
2023-12-05,S004,P0008,0.0
2023-12-06,S004,P0008,109.0
2023-12-07,S004,P0008,0.0
2023-12-08,S004,P0008,105.0
2023-12-09,S004,P0008,0.0
2023-12-10,S004,P0008,431.0
2023-12-11,S004,P0008,0.0
2023-12-12,S004,P0008,0.0
2023-12-13,S004,P0008,0.0
2023-12-14,S004,P0008,0.0
2023-12-15,S004,P0008,50.0
2023-12-16,S004,P0008,265.0
2023-12-17,S004,P0008,0.0
2023-12-18,S004,P0008,0.0
2023-12-19,S004,P0008,217.0
2023-12-20,S004,P0008,0.0
2023-12-21,S004,P0008,85.0
2023-12-22,S004,P0008,143.0
2023-12-23,S004,P0008,0.0
2023-12-24,S004,P0008,35.0
2023-12-25,S004,P0008,281.0
2023-12-26,S004,P0008,0.0
2023-12-27,S004,P0008,0.0
2023-12-28,S004,P0008,0.0
2023-12-29,S004,P0008,0.0
2023-12-30,S004,P0008,68.0
2023-12-31,S004,P0008,0.0
2024-01-01,S004,P0008,67.0
2024-01-02,S004,P0008,0.0
2024-01-03,S004,P0008,85.0
2024-01-04,S004,P0008,0.0
2024-01-05,S004,P0008,65.0
2024-01-06,S004,P0008,0.0
2024-01-07,S004,P0008,52.0
2024-01-08,S004,P0008,0.0
2024-01-09,S004,P0008,128.0
2024-01-10,S004,P0008,0.0
2024-01-11,S004,P0008,103.0
2024-01-12,S004,P0008,113.0
2024-01-13,S004,P0008,0.0
2024-01-14,S004,P0008,167.0
2024-01-15,S004,P0008,0.0
2024-01-16,S004,P0008,260.0
2024-01-17,S004,P0008,0.0
2024-01-18,S004,P0008,122.0
2024-01-19,S004,P0008,0.0
2024-01-20,S004,P0008,298.0
2024-01-21,S004,P0008,0.0
2024-01-22,S004,P0008,0.0
2024-01-23,S004,P0008,0.0
2024-01-24,S004,P0008,439.0
2024-01-25,S004,P0008,0.0
2024-01-26,S004,P0008,0.0
2024-01-27,S004,P0008,0.0
2024-01-28,S004,P0008,0.0
2024-01-29,S004,P0008,0.0
2024-01-30,S004,P0008,0.0
2023-10-31,S004,P0009,390.0
2023-11-01,S004,P0009,0.0
2023-11-02,S004,P0009,0.0
2023-11-03,S004,P0009,101.0
2023-11-04,S004,P0009,82.0
2023-11-05,S004,P0009,155.0
2023-11-06,S004,P0009,214.0
2023-11-07,S004,P0009,0.0
2023-11-08,S004,P0009,0.0
2023-11-09,S004,P0009,167.0
2023-11-10,S004,P0009,0.0
2023-11-11,S004,P0009,103.0
2023-11-12,S004,P0009,94.0
2023-11-13,S004,P0009,98.0
2023-11-14,S004,P0009,234.0
2023-11-15,S004,P0009,0.0
2023-11-16,S004,P0009,98.0
2023-11-17,S004,P0009,95.0
2023-11-18,S004,P0009,152.0
2023-11-19,S004,P0009,0.0
2023-11-20,S004,P0009,38.0
2023-11-21,S004,P0009,118.0
2023-11-22,S004,P0009,371.0
2023-11-23,S004,P0009,0.0
2023-11-24,S004,P0009,0.0
2023-11-25,S004,P0009,0.0
2023-11-26,S004,P0009,94.0
2023-11-27,S004,P0009,269.0
2023-11-28,S004,P0009,0.0
2023-11-29,S004,P0009,0.0
2023-11-30,S004,P0009,302.0
2023-12-01,S004,P0009,0.0
2023-12-02,S004,P0009,0.0
2023-12-03,S004,P0009,352.0
2023-12-04,S004,P0009,0.0
2023-12-05,S004,P0009,0.0
2023-12-06,S004,P0009,458.0
2023-12-07,S004,P0009,0.0
2023-12-08,S004,P0009,421.0
2023-12-09,S004,P0009,0.0
2023-12-10,S004,P0009,0.0
2023-12-11,S004,P0009,192.0
2023-12-12,S004,P0009,142.0
2023-12-13,S004,P0009,345.0
2023-12-14,S004,P0009,0.0
2023-12-15,S004,P0009,0.0
2023-12-16,S004,P0009,310.0
2023-12-17,S004,P0009,0.0
2023-12-18,S004,P0009,0.0
2023-12-19,S004,P0009,113.0
2023-12-20,S004,P0009,88.0
2023-12-21,S004,P0009,162.0
2023-12-22,S004,P0009,90.0
2023-12-23,S004,P0009,274.0
2023-12-24,S004,P0009,0.0
2023-12-25,S004,P0009,0.0
2023-12-26,S004,P0009,111.0
2023-12-27,S004,P0009,234.0
2023-12-28,S004,P0009,0.0
2023-12-29,S004,P0009,107.0
2023-12-30,S004,P0009,40.0
2023-12-31,S004,P0009,264.0
2024-01-01,S004,P0009,0.0
2024-01-02,S004,P0009,281.0
2024-01-03,S004,P0009,0.0
2024-01-04,S004,P0009,116.0
2024-01-05,S004,P0009,383.0
2024-01-06,S004,P0009,0.0
2024-01-07,S004,P0009,242.0
2024-01-08,S004,P0009,0.0
2024-01-09,S004,P0009,207.0
2024-01-10,S004,P0009,0.0
2024-01-11,S004,P0009,142.0
2024-01-12,S004,P0009,308.0
2024-01-13,S004,P0009,0.0
2024-01-14,S004,P0009,0.0
2024-01-15,S004,P0009,88.0
2024-01-16,S004,P0009,268.0
2024-01-17,S004,P0009,0.0
2024-01-18,S004,P0009,110.0
2024-01-19,S004,P0009,60.0
2024-01-20,S004,P0009,192.0
2024-01-21,S004,P0009,181.0
2024-01-22,S004,P0009,0.0
2024-01-23,S004,P0009,99.0
2024-01-24,S004,P0009,533.0
2024-01-25,S004,P0009,0.0
2024-01-26,S004,P0009,0.0
2024-01-27,S004,P0009,257.0
2024-01-28,S004,P0009,0.0
2024-01-29,S004,P0009,0.0
2024-01-30,S004,P0009,0.0
2023-10-31,S004,P0010,938.0
2023-11-01,S004,P0010,0.0
2023-11-02,S004,P0010,0.0
2023-11-03,S004,P0010,0.0
2023-11-04,S004,P0010,0.0
2023-11-05,S004,P0010,0.0
2023-11-06,S004,P0010,0.0
2023-11-07,S004,P0010,0.0
2023-11-08,S004,P0010,456.0
2023-11-09,S004,P0010,0.0
2023-11-10,S004,P0010,0.0
2023-11-11,S004,P0010,0.0
2023-11-12,S004,P0010,241.0
2023-11-13,S004,P0010,0.0
2023-11-14,S004,P0010,250.0
2023-11-15,S004,P0010,0.0
2023-11-16,S004,P0010,181.0
2023-11-17,S004,P0010,0.0
2023-11-18,S004,P0010,423.0
2023-11-19,S004,P0010,0.0
2023-11-20,S004,P0010,0.0
2023-11-21,S004,P0010,558.0
2023-11-22,S004,P0010,0.0
2023-11-23,S004,P0010,0.0
2023-11-24,S004,P0010,0.0
2023-11-25,S004,P0010,0.0
2023-11-26,S004,P0010,0.0
2023-11-27,S004,P0010,393.0
2023-11-28,S004,P0010,0.0
2023-11-29,S004,P0010,0.0
2023-11-30,S004,P0010,288.0
2023-12-01,S004,P0010,0.0
2023-12-02,S004,P0010,0.0
2023-12-03,S004,P0010,166.0
2023-12-04,S004,P0010,0.0
2023-12-05,S004,P0010,1117.0
2023-12-06,S004,P0010,0.0
2023-12-07,S004,P0010,0.0
2023-12-08,S004,P0010,0.0
2023-12-09,S004,P0010,0.0
2023-12-10,S004,P0010,0.0
2023-12-11,S004,P0010,0.0
2023-12-12,S004,P0010,0.0
2023-12-13,S004,P0010,0.0
2023-12-14,S004,P0010,394.0
2023-12-15,S004,P0010,0.0
2023-12-16,S004,P0010,0.0
2023-12-17,S004,P0010,411.0
2023-12-18,S004,P0010,0.0
2023-12-19,S004,P0010,0.0
2023-12-20,S004,P0010,681.0
2023-12-21,S004,P0010,0.0
2023-12-22,S004,P0010,0.0
2023-12-23,S004,P0010,0.0
2023-12-24,S004,P0010,0.0
2023-12-25,S004,P0010,313.0
2023-12-26,S004,P0010,0.0
2023-12-27,S004,P0010,227.0
2023-12-28,S004,P0010,0.0
2023-12-29,S004,P0010,0.0
2023-12-30,S004,P0010,613.0
2023-12-31,S004,P0010,0.0
2024-01-01,S004,P0010,0.0
2024-01-02,S004,P0010,0.0
2024-01-03,S004,P0010,0.0
2024-01-04,S004,P0010,0.0
2024-01-05,S004,P0010,199.0
2024-01-06,S004,P0010,0.0
2024-01-07,S004,P0010,218.0
2024-01-08,S004,P0010,0.0
2024-01-09,S004,P0010,316.0
2024-01-10,S004,P0010,0.0
2024-01-11,S004,P0010,265.0
2024-01-12,S004,P0010,0.0
2024-01-13,S004,P0010,320.0
2024-01-14,S004,P0010,0.0
2024-01-15,S004,P0010,0.0
2024-01-16,S004,P0010,153.0
2024-01-17,S004,P0010,0.0
2024-01-18,S004,P0010,280.0
2024-01-19,S004,P0010,0.0
2024-01-20,S004,P0010,284.0
2024-01-21,S004,P0010,0.0
2024-01-22,S004,P0010,353.0
2024-01-23,S004,P0010,0.0
2024-01-24,S004,P0010,0.0
2024-01-25,S004,P0010,496.0
2024-01-26,S004,P0010,0.0
2024-01-27,S004,P0010,0.0
2024-01-28,S004,P0010,0.0
2024-01-29,S004,P0010,0.0
2024-01-30,S004,P0010,0.0
2023-10-31,S004,P0011,235.0
2023-11-01,S004,P0011,0.0
2023-11-02,S004,P0011,185.0
2023-11-03,S004,P0011,0.0
2023-11-04,S004,P0011,120.0
2023-11-05,S004,P0011,180.0
2023-11-06,S004,P0011,0.0
2023-11-07,S004,P0011,143.0
2023-11-08,S004,P0011,172.0
2023-11-09,S004,P0011,0.0
2023-11-10,S004,P0011,315.0
2023-11-11,S004,P0011,0.0
2023-11-12,S004,P0011,181.0
2023-11-13,S004,P0011,0.0
2023-11-14,S004,P0011,192.0
2023-11-15,S004,P0011,0.0
2023-11-16,S004,P0011,232.0
2023-11-17,S004,P0011,0.0
2023-11-18,S004,P0011,154.0
2023-11-19,S004,P0011,0.0
2023-11-20,S004,P0011,121.0
2023-11-21,S004,P0011,82.0
2023-11-22,S004,P0011,414.0
2023-11-23,S004,P0011,0.0
2023-11-24,S004,P0011,0.0
2023-11-25,S004,P0011,0.0
2023-11-26,S004,P0011,498.0
2023-11-27,S004,P0011,0.0
2023-11-28,S004,P0011,0.0
2023-11-29,S004,P0011,0.0
2023-11-30,S004,P0011,328.0
2023-12-01,S004,P0011,0.0
2023-12-02,S004,P0011,0.0
2023-12-03,S004,P0011,106.0
2023-12-04,S004,P0011,247.0
2023-12-05,S004,P0011,0.0
2023-12-06,S004,P0011,373.0
2023-12-07,S004,P0011,0.0
2023-12-08,S004,P0011,216.0
2023-12-09,S004,P0011,0.0
2023-12-10,S004,P0011,465.0
2023-12-11,S004,P0011,0.0
2023-12-12,S004,P0011,0.0
2023-12-13,S004,P0011,0.0
2023-12-14,S004,P0011,0.0
2023-12-15,S004,P0011,767.0
2023-12-16,S004,P0011,0.0
2023-12-17,S004,P0011,0.0
2023-12-18,S004,P0011,0.0
2023-12-19,S004,P0011,0.0
2023-12-20,S004,P0011,0.0
2023-12-21,S004,P0011,0.0
2023-12-22,S004,P0011,175.0
2023-12-23,S004,P0011,581.0
2023-12-24,S004,P0011,0.0
2023-12-25,S004,P0011,0.0
2023-12-26,S004,P0011,0.0
2023-12-27,S004,P0011,0.0
2023-12-28,S004,P0011,248.0
2023-12-29,S004,P0011,0.0
2023-12-30,S004,P0011,102.0
2023-12-31,S004,P0011,230.0
2024-01-01,S004,P0011,0.0
2024-01-02,S004,P0011,259.0
2024-01-03,S004,P0011,0.0
2024-01-04,S004,P0011,114.0
2024-01-05,S004,P0011,415.0
2024-01-06,S004,P0011,0.0
2024-01-07,S004,P0011,283.0
2024-01-08,S004,P0011,0.0
2024-01-09,S004,P0011,99.0
2024-01-10,S004,P0011,130.0
2024-01-11,S004,P0011,262.0
2024-01-12,S004,P0011,223.0
2024-01-13,S004,P0011,0.0
2024-01-14,S004,P0011,120.0
2024-01-15,S004,P0011,158.0
2024-01-16,S004,P0011,184.0
2024-01-17,S004,P0011,0.0
2024-01-18,S004,P0011,181.0
2024-01-19,S004,P0011,101.0
2024-01-20,S004,P0011,101.0
2024-01-21,S004,P0011,284.0
2024-01-22,S004,P0011,0.0
2024-01-23,S004,P0011,131.0
2024-01-24,S004,P0011,433.0
2024-01-25,S004,P0011,0.0
2024-01-26,S004,P0011,0.0
2024-01-27,S004,P0011,0.0
2024-01-28,S004,P0011,0.0
2024-01-29,S004,P0011,0.0
2024-01-30,S004,P0011,0.0
2023-10-31,S004,P0012,498.0
2023-11-01,S004,P0012,0.0
2023-11-02,S004,P0012,0.0
2023-11-03,S004,P0012,0.0
2023-11-04,S004,P0012,194.0
2023-11-05,S004,P0012,0.0
2023-11-06,S004,P0012,283.0
2023-11-07,S004,P0012,0.0
2023-11-08,S004,P0012,0.0
2023-11-09,S004,P0012,411.0
2023-11-10,S004,P0012,0.0
2023-11-11,S004,P0012,0.0
2023-11-12,S004,P0012,221.0
2023-11-13,S004,P0012,0.0
2023-11-14,S004,P0012,256.0
2023-11-15,S004,P0012,0.0
2023-11-16,S004,P0012,272.0
2023-11-17,S004,P0012,0.0
2023-11-18,S004,P0012,473.0
2023-11-19,S004,P0012,0.0
2023-11-20,S004,P0012,0.0
2023-11-21,S004,P0012,0.0
2023-11-22,S004,P0012,669.0
2023-11-23,S004,P0012,0.0
2023-11-24,S004,P0012,0.0
2023-11-25,S004,P0012,0.0
2023-11-26,S004,P0012,247.0
2023-11-27,S004,P0012,0.0
2023-11-28,S004,P0012,253.0
2023-11-29,S004,P0012,0.0
2023-11-30,S004,P0012,317.0
2023-12-01,S004,P0012,0.0
2023-12-02,S004,P0012,0.0
2023-12-03,S004,P0012,360.0
2023-12-04,S004,P0012,0.0
2023-12-05,S004,P0012,0.0
2023-12-06,S004,P0012,350.0
2023-12-07,S004,P0012,0.0
2023-12-08,S004,P0012,0.0
2023-12-09,S004,P0012,501.0
2023-12-10,S004,P0012,0.0
2023-12-11,S004,P0012,0.0
2023-12-12,S004,P0012,0.0
2023-12-13,S004,P0012,0.0
2023-12-14,S004,P0012,269.0
2023-12-15,S004,P0012,0.0
2023-12-16,S004,P0012,0.0
2023-12-17,S004,P0012,377.0
2023-12-18,S004,P0012,0.0
2023-12-19,S004,P0012,0.0
2023-12-20,S004,P0012,489.0
2023-12-21,S004,P0012,0.0
2023-12-22,S004,P0012,0.0
2023-12-23,S004,P0012,0.0
2023-12-24,S004,P0012,211.0
2023-12-25,S004,P0012,0.0
2023-12-26,S004,P0012,287.0
2023-12-27,S004,P0012,0.0
2023-12-28,S004,P0012,0.0
2023-12-29,S004,P0012,0.0
2023-12-30,S004,P0012,246.0
2023-12-31,S004,P0012,0.0
2024-01-01,S004,P0012,0.0
2024-01-02,S004,P0012,0.0
2024-01-03,S004,P0012,125.0
2024-01-04,S004,P0012,0.0
2024-01-05,S004,P0012,114.0
2024-01-06,S004,P0012,0.0
2024-01-07,S004,P0012,111.0
2024-01-08,S004,P0012,0.0
2024-01-09,S004,P0012,268.0
2024-01-10,S004,P0012,0.0
2024-01-11,S004,P0012,288.0
2024-01-12,S004,P0012,0.0
2024-01-13,S004,P0012,407.0
2024-01-14,S004,P0012,0.0
2024-01-15,S004,P0012,0.0
2024-01-16,S004,P0012,199.0
2024-01-17,S004,P0012,0.0
2024-01-18,S004,P0012,210.0
2024-01-19,S004,P0012,0.0
2024-01-20,S004,P0012,238.0
2024-01-21,S004,P0012,0.0
2024-01-22,S004,P0012,293.0
2024-01-23,S004,P0012,0.0
2024-01-24,S004,P0012,0.0
2024-01-25,S004,P0012,201.0
2024-01-26,S004,P0012,0.0
2024-01-27,S004,P0012,197.0
2024-01-28,S004,P0012,0.0
2024-01-29,S004,P0012,0.0
2024-01-30,S004,P0012,0.0
2023-10-31,S004,P0013,280.0
2023-11-01,S004,P0013,0.0
2023-11-02,S004,P0013,269.0
2023-11-03,S004,P0013,0.0
2023-11-04,S004,P0013,264.0
2023-11-05,S004,P0013,0.0
2023-11-06,S004,P0013,360.0
2023-11-07,S004,P0013,0.0
2023-11-08,S004,P0013,0.0
2023-11-09,S004,P0013,247.0
2023-11-10,S004,P0013,0.0
2023-11-11,S004,P0013,685.0
2023-11-12,S004,P0013,0.0
2023-11-13,S004,P0013,0.0
2023-11-14,S004,P0013,0.0
2023-11-15,S004,P0013,0.0
2023-11-16,S004,P0013,0.0
2023-11-17,S004,P0013,310.0
2023-11-18,S004,P0013,0.0
2023-11-19,S004,P0013,0.0
2023-11-20,S004,P0013,349.0
2023-11-21,S004,P0013,0.0
2023-11-22,S004,P0013,0.0
2023-11-23,S004,P0013,0.0
2023-11-24,S004,P0013,203.0
2023-11-25,S004,P0013,0.0
2023-11-26,S004,P0013,0.0
2023-11-27,S004,P0013,377.0
2023-11-28,S004,P0013,0.0
2023-11-29,S004,P0013,0.0
2023-11-30,S004,P0013,401.0
2023-12-01,S004,P0013,0.0
2023-12-02,S004,P0013,0.0
2023-12-03,S004,P0013,418.0
2023-12-04,S004,P0013,0.0
2023-12-05,S004,P0013,0.0
2023-12-06,S004,P0013,285.0
2023-12-07,S004,P0013,0.0
2023-12-08,S004,P0013,212.0
2023-12-09,S004,P0013,0.0
2023-12-10,S004,P0013,744.0
2023-12-11,S004,P0013,0.0
2023-12-12,S004,P0013,0.0
2023-12-13,S004,P0013,0.0
2023-12-14,S004,P0013,0.0
2023-12-15,S004,P0013,653.0
2023-12-16,S004,P0013,0.0
2023-12-17,S004,P0013,0.0
2023-12-18,S004,P0013,0.0
2023-12-19,S004,P0013,0.0
2023-12-20,S004,P0013,0.0
2023-12-21,S004,P0013,757.0
2023-12-22,S004,P0013,0.0
2023-12-23,S004,P0013,0.0
2023-12-24,S004,P0013,0.0
2023-12-25,S004,P0013,0.0
2023-12-26,S004,P0013,0.0
2023-12-27,S004,P0013,228.0
2023-12-28,S004,P0013,0.0
2023-12-29,S004,P0013,0.0
2023-12-30,S004,P0013,462.0
2023-12-31,S004,P0013,0.0
2024-01-01,S004,P0013,0.0
2024-01-02,S004,P0013,0.0
2024-01-03,S004,P0013,0.0
2024-01-04,S004,P0013,0.0
2024-01-05,S004,P0013,181.0
2024-01-06,S004,P0013,0.0
2024-01-07,S004,P0013,176.0
2024-01-08,S004,P0013,0.0
2024-01-09,S004,P0013,272.0
2024-01-10,S004,P0013,0.0
2024-01-11,S004,P0013,220.0
2024-01-12,S004,P0013,0.0
2024-01-13,S004,P0013,245.0
2024-01-14,S004,P0013,0.0
2024-01-15,S004,P0013,0.0
2024-01-16,S004,P0013,295.0
2024-01-17,S004,P0013,0.0
2024-01-18,S004,P0013,162.0
2024-01-19,S004,P0013,0.0
2024-01-20,S004,P0013,505.0
2024-01-21,S004,P0013,0.0
2024-01-22,S004,P0013,0.0
2024-01-23,S004,P0013,0.0
2024-01-24,S004,P0013,452.0
2024-01-25,S004,P0013,0.0
2024-01-26,S004,P0013,0.0
2024-01-27,S004,P0013,297.0
2024-01-28,S004,P0013,0.0
2024-01-29,S004,P0013,0.0
2024-01-30,S004,P0013,0.0
2023-10-31,S004,P0014,230.0
2023-11-01,S004,P0014,0.0
2023-11-02,S004,P0014,0.0
2023-11-03,S004,P0014,123.0
2023-11-04,S004,P0014,194.0
2023-11-05,S004,P0014,0.0
2023-11-06,S004,P0014,70.0
2023-11-07,S004,P0014,83.0
2023-11-08,S004,P0014,520.0
2023-11-09,S004,P0014,0.0
2023-11-10,S004,P0014,0.0
2023-11-11,S004,P0014,0.0
2023-11-12,S004,P0014,0.0
2023-11-13,S004,P0014,49.0
2023-11-14,S004,P0014,229.0
2023-11-15,S004,P0014,0.0
2023-11-16,S004,P0014,320.0
2023-11-17,S004,P0014,0.0
2023-11-18,S004,P0014,0.0
2023-11-19,S004,P0014,0.0
2023-11-20,S004,P0014,51.0
2023-11-21,S004,P0014,108.0
2023-11-22,S004,P0014,68.0
2023-11-23,S004,P0014,123.0
2023-11-24,S004,P0014,0.0
2023-11-25,S004,P0014,57.0
2023-11-26,S004,P0014,54.0
2023-11-27,S004,P0014,197.0
2023-11-28,S004,P0014,0.0
2023-11-29,S004,P0014,0.0
2023-11-30,S004,P0014,277.0
2023-12-01,S004,P0014,0.0
2023-12-02,S004,P0014,0.0
2023-12-03,S004,P0014,0.0
2023-12-04,S004,P0014,102.0
2023-12-05,S004,P0014,83.0
2023-12-06,S004,P0014,0.0
2023-12-07,S004,P0014,257.0
2023-12-08,S004,P0014,0.0
2023-12-09,S004,P0014,0.0
2023-12-10,S004,P0014,213.0
2023-12-11,S004,P0014,0.0
2023-12-12,S004,P0014,0.0
2023-12-13,S004,P0014,179.0
2023-12-14,S004,P0014,0.0
2023-12-15,S004,P0014,41.0
2023-12-16,S004,P0014,322.0
2023-12-17,S004,P0014,0.0
2023-12-18,S004,P0014,0.0
2023-12-19,S004,P0014,0.0
2023-12-20,S004,P0014,71.0
2023-12-21,S004,P0014,107.0
2023-12-22,S004,P0014,133.0
2023-12-23,S004,P0014,0.0
2023-12-24,S004,P0014,221.0
2023-12-25,S004,P0014,0.0
2023-12-26,S004,P0014,95.0
2023-12-27,S004,P0014,0.0
2023-12-28,S004,P0014,0.0
2023-12-29,S004,P0014,29.0
2023-12-30,S004,P0014,63.0
2023-12-31,S004,P0014,0.0
2024-01-01,S004,P0014,136.0
2024-01-02,S004,P0014,0.0
2024-01-03,S004,P0014,0.0
2024-01-04,S004,P0014,42.0
2024-01-05,S004,P0014,94.0
2024-01-06,S004,P0014,0.0
2024-01-07,S004,P0014,136.0
2024-01-08,S004,P0014,0.0
2024-01-09,S004,P0014,0.0
2024-01-10,S004,P0014,69.0
2024-01-11,S004,P0014,101.0
2024-01-12,S004,P0014,307.0
2024-01-13,S004,P0014,0.0
2024-01-14,S004,P0014,0.0
2024-01-15,S004,P0014,54.0
2024-01-16,S004,P0014,178.0
2024-01-17,S004,P0014,0.0
2024-01-18,S004,P0014,160.0
2024-01-19,S004,P0014,0.0
2024-01-20,S004,P0014,110.0
2024-01-21,S004,P0014,425.0
2024-01-22,S004,P0014,0.0
2024-01-23,S004,P0014,0.0
2024-01-24,S004,P0014,0.0
2024-01-25,S004,P0014,0.0
2024-01-26,S004,P0014,85.0
2024-01-27,S004,P0014,238.0
2024-01-28,S004,P0014,0.0
2024-01-29,S004,P0014,0.0
2024-01-30,S004,P0014,0.0
2023-10-31,S004,P0015,86.0
2023-11-01,S004,P0015,255.0
2023-11-02,S004,P0015,0.0
2023-11-03,S004,P0015,0.0
2023-11-04,S004,P0015,19.0
2023-11-05,S004,P0015,175.0
2023-11-06,S004,P0015,0.0
2023-11-07,S004,P0015,49.0
2023-11-08,S004,P0015,160.0
2023-11-09,S004,P0015,0.0
2023-11-10,S004,P0015,435.0
2023-11-11,S004,P0015,0.0
2023-11-12,S004,P0015,0.0
2023-11-13,S004,P0015,0.0
2023-11-14,S004,P0015,0.0
2023-11-15,S004,P0015,169.0
2023-11-16,S004,P0015,0.0
2023-11-17,S004,P0015,556.0
2023-11-18,S004,P0015,0.0
2023-11-19,S004,P0015,0.0
2023-11-20,S004,P0015,0.0
2023-11-21,S004,P0015,0.0
2023-11-22,S004,P0015,0.0
2023-11-23,S004,P0015,69.0
2023-11-24,S004,P0015,89.0
2023-11-25,S004,P0015,0.0
2023-11-26,S004,P0015,60.0
2023-11-27,S004,P0015,245.0
2023-11-28,S004,P0015,0.0
2023-11-29,S004,P0015,0.0
2023-11-30,S004,P0015,231.0
2023-12-01,S004,P0015,0.0
2023-12-02,S004,P0015,0.0
2023-12-03,S004,P0015,299.0
2023-12-04,S004,P0015,0.0
2023-12-05,S004,P0015,0.0
2023-12-06,S004,P0015,180.0
2023-12-07,S004,P0015,0.0
2023-12-08,S004,P0015,0.0
2023-12-09,S004,P0015,538.0
2023-12-10,S004,P0015,0.0
2023-12-11,S004,P0015,0.0
2023-12-12,S004,P0015,0.0
2023-12-13,S004,P0015,0.0
2023-12-14,S004,P0015,0.0
2023-12-15,S004,P0015,0.0
2023-12-16,S004,P0015,0.0
2023-12-17,S004,P0015,251.0
2023-12-18,S004,P0015,0.0
2023-12-19,S004,P0015,0.0
2023-12-20,S004,P0015,157.0
2023-12-21,S004,P0015,0.0
2023-12-22,S004,P0015,111.0
2023-12-23,S004,P0015,0.0
2023-12-24,S004,P0015,197.0
2023-12-25,S004,P0015,0.0
2023-12-26,S004,P0015,203.0
2023-12-27,S004,P0015,0.0
2023-12-28,S004,P0015,0.0
2023-12-29,S004,P0015,0.0
2023-12-30,S004,P0015,52.0
2023-12-31,S004,P0015,0.0
2024-01-01,S004,P0015,100.0
2024-01-02,S004,P0015,0.0
2024-01-03,S004,P0015,0.0
2024-01-04,S004,P0015,23.0
2024-01-05,S004,P0015,65.0
2024-01-06,S004,P0015,0.0
2024-01-07,S004,P0015,81.0
2024-01-08,S004,P0015,0.0
2024-01-09,S004,P0015,110.0
2024-01-10,S004,P0015,0.0
2024-01-11,S004,P0015,88.0
2024-01-12,S004,P0015,0.0
2024-01-13,S004,P0015,402.0
2024-01-14,S004,P0015,0.0
2024-01-15,S004,P0015,0.0
2024-01-16,S004,P0015,356.0
2024-01-17,S004,P0015,0.0
2024-01-18,S004,P0015,0.0
2024-01-19,S004,P0015,0.0
2024-01-20,S004,P0015,0.0
2024-01-21,S004,P0015,0.0
2024-01-22,S004,P0015,132.0
2024-01-23,S004,P0015,0.0
2024-01-24,S004,P0015,231.0
2024-01-25,S004,P0015,0.0
2024-01-26,S004,P0015,0.0
2024-01-27,S004,P0015,219.0
2024-01-28,S004,P0015,0.0
2024-01-29,S004,P0015,0.0
2024-01-30,S004,P0015,0.0
2023-10-31,S004,P0016,85.0
2023-11-01,S004,P0016,170.0
2023-11-02,S004,P0016,0.0
2023-11-03,S004,P0016,174.0
2023-11-04,S004,P0016,0.0
2023-11-05,S004,P0016,97.0
2023-11-06,S004,P0016,58.0
2023-11-07,S004,P0016,90.0
2023-11-08,S004,P0016,513.0
2023-11-09,S004,P0016,0.0
2023-11-10,S004,P0016,0.0
2023-11-11,S004,P0016,0.0
2023-11-12,S004,P0016,0.0
2023-11-13,S004,P0016,272.0
2023-11-14,S004,P0016,0.0
2023-11-15,S004,P0016,0.0
2023-11-16,S004,P0016,0.0
2023-11-17,S004,P0016,111.0
2023-11-18,S004,P0016,493.0
2023-11-19,S004,P0016,0.0
2023-11-20,S004,P0016,0.0
2023-11-21,S004,P0016,0.0
2023-11-22,S004,P0016,0.0
2023-11-23,S004,P0016,0.0
2023-11-24,S004,P0016,127.0
2023-11-25,S004,P0016,0.0
2023-11-26,S004,P0016,249.0
2023-11-27,S004,P0016,0.0
2023-11-28,S004,P0016,0.0
2023-11-29,S004,P0016,81.0
2023-11-30,S004,P0016,107.0
2023-12-01,S004,P0016,0.0
2023-12-02,S004,P0016,76.0
2023-12-03,S004,P0016,43.0
2023-12-04,S004,P0016,200.0
2023-12-05,S004,P0016,0.0
2023-12-06,S004,P0016,159.0
2023-12-07,S004,P0016,0.0
2023-12-08,S004,P0016,363.0
2023-12-09,S004,P0016,0.0
2023-12-10,S004,P0016,0.0
2023-12-11,S004,P0016,0.0
2023-12-12,S004,P0016,280.0
2023-12-13,S004,P0016,0.0
2023-12-14,S004,P0016,0.0
2023-12-15,S004,P0016,0.0
2023-12-16,S004,P0016,336.0
2023-12-17,S004,P0016,0.0
2023-12-18,S004,P0016,0.0
2023-12-19,S004,P0016,0.0
2023-12-20,S004,P0016,0.0
2023-12-21,S004,P0016,127.0
2023-12-22,S004,P0016,201.0
2023-12-23,S004,P0016,0.0
2023-12-24,S004,P0016,115.0
2023-12-25,S004,P0016,0.0
2023-12-26,S004,P0016,100.0
2023-12-27,S004,P0016,54.0
2023-12-28,S004,P0016,0.0
2023-12-29,S004,P0016,40.0
2023-12-30,S004,P0016,176.0
2023-12-31,S004,P0016,0.0
2024-01-01,S004,P0016,0.0
2024-01-02,S004,P0016,0.0
2024-01-03,S004,P0016,61.0
2024-01-04,S004,P0016,0.0
2024-01-05,S004,P0016,64.0
2024-01-06,S004,P0016,0.0
2024-01-07,S004,P0016,161.0
2024-01-08,S004,P0016,0.0
2024-01-09,S004,P0016,259.0
2024-01-10,S004,P0016,0.0
2024-01-11,S004,P0016,0.0
2024-01-12,S004,P0016,220.0
2024-01-13,S004,P0016,0.0
2024-01-14,S004,P0016,0.0
2024-01-15,S004,P0016,51.0
2024-01-16,S004,P0016,151.0
2024-01-17,S004,P0016,0.0
2024-01-18,S004,P0016,154.0
2024-01-19,S004,P0016,0.0
2024-01-20,S004,P0016,142.0
2024-01-21,S004,P0016,241.0
2024-01-22,S004,P0016,0.0
2024-01-23,S004,P0016,0.0
2024-01-24,S004,P0016,241.0
2024-01-25,S004,P0016,0.0
2024-01-26,S004,P0016,0.0
2024-01-27,S004,P0016,164.0
2024-01-28,S004,P0016,0.0
2024-01-29,S004,P0016,0.0
2024-01-30,S004,P0016,0.0
2023-10-31,S004,P0017,121.0
2023-11-01,S004,P0017,88.0
2023-11-02,S004,P0017,189.0
2023-11-03,S004,P0017,0.0
2023-11-04,S004,P0017,251.0
2023-11-05,S004,P0017,0.0
2023-11-06,S004,P0017,83.0
2023-11-07,S004,P0017,143.0
2023-11-08,S004,P0017,391.0
2023-11-09,S004,P0017,0.0
2023-11-10,S004,P0017,284.0
2023-11-11,S004,P0017,0.0
2023-11-12,S004,P0017,234.0
2023-11-13,S004,P0017,0.0
2023-11-14,S004,P0017,198.0
2023-11-15,S004,P0017,0.0
2023-11-16,S004,P0017,147.0
2023-11-17,S004,P0017,0.0
2023-11-18,S004,P0017,225.0
2023-11-19,S004,P0017,0.0
2023-11-20,S004,P0017,114.0
2023-11-21,S004,P0017,96.0
2023-11-22,S004,P0017,418.0
2023-11-23,S004,P0017,0.0
2023-11-24,S004,P0017,0.0
2023-11-25,S004,P0017,0.0
2023-11-26,S004,P0017,451.0
2023-11-27,S004,P0017,0.0
2023-11-28,S004,P0017,0.0
2023-11-29,S004,P0017,0.0
2023-11-30,S004,P0017,295.0
2023-12-01,S004,P0017,0.0
2023-12-02,S004,P0017,0.0
2023-12-03,S004,P0017,104.0
2023-12-04,S004,P0017,343.0
2023-12-05,S004,P0017,0.0
2023-12-06,S004,P0017,0.0
2023-12-07,S004,P0017,76.0
2023-12-08,S004,P0017,310.0
2023-12-09,S004,P0017,0.0
2023-12-10,S004,P0017,0.0
2023-12-11,S004,P0017,36.0
2023-12-12,S004,P0017,49.0
2023-12-13,S004,P0017,111.0
2023-12-14,S004,P0017,173.0
2023-12-15,S004,P0017,209.0
2023-12-16,S004,P0017,68.0
2023-12-17,S004,P0017,309.0
2023-12-18,S004,P0017,0.0
2023-12-19,S004,P0017,0.0
2023-12-20,S004,P0017,92.0
2023-12-21,S004,P0017,67.0
2023-12-22,S004,P0017,281.0
2023-12-23,S004,P0017,0.0
2023-12-24,S004,P0017,430.0
2023-12-25,S004,P0017,0.0
2023-12-26,S004,P0017,0.0
2023-12-27,S004,P0017,401.0
2023-12-28,S004,P0017,0.0
2023-12-29,S004,P0017,0.0
2023-12-30,S004,P0017,191.0
2023-12-31,S004,P0017,143.0
2024-01-01,S004,P0017,242.0
2024-01-02,S004,P0017,0.0
2024-01-03,S004,P0017,267.0
2024-01-04,S004,P0017,0.0
2024-01-05,S004,P0017,295.0
2024-01-06,S004,P0017,0.0
2024-01-07,S004,P0017,340.0
2024-01-08,S004,P0017,0.0
2024-01-09,S004,P0017,111.0
2024-01-10,S004,P0017,168.0
2024-01-11,S004,P0017,95.0
2024-01-12,S004,P0017,200.0
2024-01-13,S004,P0017,0.0
2024-01-14,S004,P0017,444.0
2024-01-15,S004,P0017,0.0
2024-01-16,S004,P0017,0.0
2024-01-17,S004,P0017,0.0
2024-01-18,S004,P0017,79.0
2024-01-19,S004,P0017,127.0
2024-01-20,S004,P0017,379.0
2024-01-21,S004,P0017,0.0
2024-01-22,S004,P0017,374.0
2024-01-23,S004,P0017,0.0
2024-01-24,S004,P0017,0.0
2024-01-25,S004,P0017,134.0
2024-01-26,S004,P0017,319.0
2024-01-27,S004,P0017,0.0
2024-01-28,S004,P0017,0.0
2024-01-29,S004,P0017,0.0
2024-01-30,S004,P0017,0.0
2023-10-31,S004,P0018,207.0
2023-11-01,S004,P0018,0.0
2023-11-02,S004,P0018,0.0
2023-11-03,S004,P0018,146.0
2023-11-04,S004,P0018,0.0
2023-11-05,S004,P0018,116.0
2023-11-06,S004,P0018,73.0
2023-11-07,S004,P0018,80.0
2023-11-08,S004,P0018,381.0
2023-11-09,S004,P0018,0.0
2023-11-10,S004,P0018,0.0
2023-11-11,S004,P0018,0.0
2023-11-12,S004,P0018,0.0
2023-11-13,S004,P0018,60.0
2023-11-14,S004,P0018,205.0
2023-11-15,S004,P0018,0.0
2023-11-16,S004,P0018,118.0
2023-11-17,S004,P0018,64.0
2023-11-18,S004,P0018,183.0
2023-11-19,S004,P0018,0.0
2023-11-20,S004,P0018,112.0
2023-11-21,S004,P0018,65.0
2023-11-22,S004,P0018,103.0
2023-11-23,S004,P0018,91.0
2023-11-24,S004,P0018,48.0
2023-11-25,S004,P0018,125.0
2023-11-26,S004,P0018,228.0
2023-11-27,S004,P0018,0.0
2023-11-28,S004,P0018,0.0
2023-11-29,S004,P0018,0.0
2023-11-30,S004,P0018,288.0
2023-12-01,S004,P0018,0.0
2023-12-02,S004,P0018,0.0
2023-12-03,S004,P0018,0.0
2023-12-04,S004,P0018,88.0
2023-12-05,S004,P0018,162.0
2023-12-06,S004,P0018,0.0
2023-12-07,S004,P0018,453.0
2023-12-08,S004,P0018,0.0
2023-12-09,S004,P0018,0.0
2023-12-10,S004,P0018,0.0
2023-12-11,S004,P0018,0.0
2023-12-12,S004,P0018,180.0
2023-12-13,S004,P0018,0.0
2023-12-14,S004,P0018,0.0
2023-12-15,S004,P0018,155.0
2023-12-16,S004,P0018,0.0
2023-12-17,S004,P0018,230.0
2023-12-18,S004,P0018,0.0
2023-12-19,S004,P0018,0.0
2023-12-20,S004,P0018,69.0
2023-12-21,S004,P0018,120.0
2023-12-22,S004,P0018,129.0
2023-12-23,S004,P0018,0.0
2023-12-24,S004,P0018,92.0
2023-12-25,S004,P0018,217.0
2023-12-26,S004,P0018,0.0
2023-12-27,S004,P0018,87.0
2023-12-28,S004,P0018,0.0
2023-12-29,S004,P0018,0.0
2023-12-30,S004,P0018,65.0
2023-12-31,S004,P0018,0.0
2024-01-01,S004,P0018,141.0
2024-01-02,S004,P0018,0.0
2024-01-03,S004,P0018,0.0
2024-01-04,S004,P0018,32.0
2024-01-05,S004,P0018,60.0
2024-01-06,S004,P0018,0.0
2024-01-07,S004,P0018,47.0
2024-01-08,S004,P0018,0.0
2024-01-09,S004,P0018,110.0
2024-01-10,S004,P0018,0.0
2024-01-11,S004,P0018,75.0
2024-01-12,S004,P0018,427.0
2024-01-13,S004,P0018,0.0
2024-01-14,S004,P0018,0.0
2024-01-15,S004,P0018,0.0
2024-01-16,S004,P0018,0.0
2024-01-17,S004,P0018,0.0
2024-01-18,S004,P0018,99.0
2024-01-19,S004,P0018,0.0
2024-01-20,S004,P0018,38.0
2024-01-21,S004,P0018,476.0
2024-01-22,S004,P0018,0.0
2024-01-23,S004,P0018,0.0
2024-01-24,S004,P0018,0.0
2024-01-25,S004,P0018,0.0
2024-01-26,S004,P0018,0.0
2024-01-27,S004,P0018,173.0
2024-01-28,S004,P0018,0.0
2024-01-29,S004,P0018,0.0
2024-01-30,S004,P0018,0.0
2023-10-31,S004,P0019,144.0
2023-11-01,S004,P0019,394.0
2023-11-02,S004,P0019,0.0
2023-11-03,S004,P0019,0.0
2023-11-04,S004,P0019,200.0
2023-11-05,S004,P0019,0.0
2023-11-06,S004,P0019,104.0
2023-11-07,S004,P0019,87.0
2023-11-08,S004,P0019,158.0
2023-11-09,S004,P0019,0.0
2023-11-10,S004,P0019,173.0
2023-11-11,S004,P0019,146.0
2023-11-12,S004,P0019,95.0
2023-11-13,S004,P0019,122.0
2023-11-14,S004,P0019,300.0
2023-11-15,S004,P0019,0.0
2023-11-16,S004,P0019,476.0
2023-11-17,S004,P0019,0.0
2023-11-18,S004,P0019,0.0
2023-11-19,S004,P0019,0.0
2023-11-20,S004,P0019,88.0
2023-11-21,S004,P0019,175.0
2023-11-22,S004,P0019,117.0
2023-11-23,S004,P0019,321.0
2023-11-24,S004,P0019,0.0
2023-11-25,S004,P0019,0.0
2023-11-26,S004,P0019,392.0
2023-11-27,S004,P0019,0.0
2023-11-28,S004,P0019,0.0
2023-11-29,S004,P0019,86.0
2023-11-30,S004,P0019,367.0
2023-12-01,S004,P0019,0.0
2023-12-02,S004,P0019,0.0
2023-12-03,S004,P0019,345.0
2023-12-04,S004,P0019,0.0
2023-12-05,S004,P0019,0.0
2023-12-06,S004,P0019,261.0
2023-12-07,S004,P0019,0.0
2023-12-08,S004,P0019,0.0
2023-12-09,S004,P0019,325.0
2023-12-10,S004,P0019,0.0
2023-12-11,S004,P0019,0.0
2023-12-12,S004,P0019,132.0
2023-12-13,S004,P0019,78.0
2023-12-14,S004,P0019,131.0
2023-12-15,S004,P0019,120.0
2023-12-16,S004,P0019,138.0
2023-12-17,S004,P0019,357.0
2023-12-18,S004,P0019,0.0
2023-12-19,S004,P0019,0.0
2023-12-20,S004,P0019,105.0
2023-12-21,S004,P0019,123.0
2023-12-22,S004,P0019,241.0
2023-12-23,S004,P0019,0.0
2023-12-24,S004,P0019,325.0
2023-12-25,S004,P0019,0.0
2023-12-26,S004,P0019,138.0
2023-12-27,S004,P0019,301.0
2023-12-28,S004,P0019,0.0
2023-12-29,S004,P0019,98.0
2023-12-30,S004,P0019,147.0
2023-12-31,S004,P0019,357.0
2024-01-01,S004,P0019,0.0
2024-01-02,S004,P0019,0.0
2024-01-03,S004,P0019,155.0
2024-01-04,S004,P0019,87.0
2024-01-05,S004,P0019,260.0
2024-01-06,S004,P0019,0.0
2024-01-07,S004,P0019,329.0
2024-01-08,S004,P0019,0.0
2024-01-09,S004,P0019,300.0
2024-01-10,S004,P0019,0.0
2024-01-11,S004,P0019,0.0
2024-01-12,S004,P0019,197.0
2024-01-13,S004,P0019,0.0
2024-01-14,S004,P0019,0.0
2024-01-15,S004,P0019,305.0
2024-01-16,S004,P0019,0.0
2024-01-17,S004,P0019,0.0
2024-01-18,S004,P0019,152.0
2024-01-19,S004,P0019,91.0
2024-01-20,S004,P0019,117.0
2024-01-21,S004,P0019,398.0
2024-01-22,S004,P0019,0.0
2024-01-23,S004,P0019,0.0
2024-01-24,S004,P0019,0.0
2024-01-25,S004,P0019,370.0
2024-01-26,S004,P0019,0.0
2024-01-27,S004,P0019,117.0
2024-01-28,S004,P0019,0.0
2024-01-29,S004,P0019,0.0
2024-01-30,S004,P0019,0.0
2023-10-31,S004,P0020,111.0
2023-11-01,S004,P0020,343.0
2023-11-02,S004,P0020,0.0
2023-11-03,S004,P0020,0.0
2023-11-04,S004,P0020,119.0
2023-11-05,S004,P0020,0.0
2023-11-06,S004,P0020,76.0
2023-11-07,S004,P0020,88.0
2023-11-08,S004,P0020,135.0
2023-11-09,S004,P0020,0.0
2023-11-10,S004,P0020,328.0
2023-11-11,S004,P0020,0.0
2023-11-12,S004,P0020,0.0
2023-11-13,S004,P0020,97.0
2023-11-14,S004,P0020,136.0
2023-11-15,S004,P0020,0.0
2023-11-16,S004,P0020,321.0
2023-11-17,S004,P0020,0.0
2023-11-18,S004,P0020,0.0
2023-11-19,S004,P0020,0.0
2023-11-20,S004,P0020,47.0
2023-11-21,S004,P0020,75.0
2023-11-22,S004,P0020,183.0
2023-11-23,S004,P0020,0.0
2023-11-24,S004,P0020,0.0
2023-11-25,S004,P0020,0.0
2023-11-26,S004,P0020,264.0
2023-11-27,S004,P0020,0.0
2023-11-28,S004,P0020,0.0
2023-11-29,S004,P0020,0.0
2023-11-30,S004,P0020,275.0
2023-12-01,S004,P0020,0.0
2023-12-02,S004,P0020,0.0
2023-12-03,S004,P0020,0.0
2023-12-04,S004,P0020,129.0
2023-12-05,S004,P0020,0.0
2023-12-06,S004,P0020,79.0
2023-12-07,S004,P0020,313.0
2023-12-08,S004,P0020,0.0
2023-12-09,S004,P0020,0.0
2023-12-10,S004,P0020,22.0
2023-12-11,S004,P0020,335.0
2023-12-12,S004,P0020,0.0
2023-12-13,S004,P0020,0.0
2023-12-14,S004,P0020,0.0
2023-12-15,S004,P0020,0.0
2023-12-16,S004,P0020,380.0
2023-12-17,S004,P0020,0.0
2023-12-18,S004,P0020,0.0
2023-12-19,S004,P0020,0.0
2023-12-20,S004,P0020,0.0
2023-12-21,S004,P0020,132.0
2023-12-22,S004,P0020,181.0
2023-12-23,S004,P0020,0.0
2023-12-24,S004,P0020,206.0
2023-12-25,S004,P0020,0.0
2023-12-26,S004,P0020,0.0
2023-12-27,S004,P0020,0.0
2023-12-28,S004,P0020,67.0
2023-12-29,S004,P0020,0.0
2023-12-30,S004,P0020,97.0
2023-12-31,S004,P0020,0.0
2024-01-01,S004,P0020,148.0
2024-01-02,S004,P0020,0.0
2024-01-03,S004,P0020,0.0
2024-01-04,S004,P0020,19.0
2024-01-05,S004,P0020,87.0
2024-01-06,S004,P0020,0.0
2024-01-07,S004,P0020,61.0
2024-01-08,S004,P0020,0.0
2024-01-09,S004,P0020,121.0
2024-01-10,S004,P0020,0.0
2024-01-11,S004,P0020,73.0
2024-01-12,S004,P0020,392.0
2024-01-13,S004,P0020,0.0
2024-01-14,S004,P0020,0.0
2024-01-15,S004,P0020,0.0
2024-01-16,S004,P0020,0.0
2024-01-17,S004,P0020,0.0
2024-01-18,S004,P0020,148.0
2024-01-19,S004,P0020,0.0
2024-01-20,S004,P0020,388.0
2024-01-21,S004,P0020,0.0
2024-01-22,S004,P0020,0.0
2024-01-23,S004,P0020,0.0
2024-01-24,S004,P0020,73.0
2024-01-25,S004,P0020,118.0
2024-01-26,S004,P0020,0.0
2024-01-27,S004,P0020,143.0
2024-01-28,S004,P0020,0.0
2024-01-29,S004,P0020,0.0
2024-01-30,S004,P0020,0.0
2023-10-31,S005,P0001,464.0
2023-11-01,S005,P0001,0.0
2023-11-02,S005,P0001,0.0
2023-11-03,S005,P0001,253.0
2023-11-04,S005,P0001,0.0
2023-11-05,S005,P0001,151.0
2023-11-06,S005,P0001,0.0
2023-11-07,S005,P0001,199.0
2023-11-08,S005,P0001,0.0
2023-11-09,S005,P0001,156.0
2023-11-10,S005,P0001,0.0
2023-11-11,S005,P0001,365.0
2023-11-12,S005,P0001,0.0
2023-11-13,S005,P0001,0.0
2023-11-14,S005,P0001,324.0
2023-11-15,S005,P0001,0.0
2023-11-16,S005,P0001,0.0
2023-11-17,S005,P0001,0.0
2023-11-18,S005,P0001,444.0
2023-11-19,S005,P0001,0.0
2023-11-20,S005,P0001,0.0
2023-11-21,S005,P0001,515.0
2023-11-22,S005,P0001,0.0
2023-11-23,S005,P0001,0.0
2023-11-24,S005,P0001,0.0
2023-11-25,S005,P0001,0.0
2023-11-26,S005,P0001,278.0
2023-11-27,S005,P0001,0.0
2023-11-28,S005,P0001,207.0
2023-11-29,S005,P0001,0.0
2023-11-30,S005,P0001,367.0
2023-12-01,S005,P0001,0.0
2023-12-02,S005,P0001,0.0
2023-12-03,S005,P0001,385.0
2023-12-04,S005,P0001,0.0
2023-12-05,S005,P0001,0.0
2023-12-06,S005,P0001,300.0
2023-12-07,S005,P0001,0.0
2023-12-08,S005,P0001,169.0
2023-12-09,S005,P0001,0.0
2023-12-10,S005,P0001,452.0
2023-12-11,S005,P0001,0.0
2023-12-12,S005,P0001,0.0
2023-12-13,S005,P0001,647.0
2023-12-14,S005,P0001,0.0
2023-12-15,S005,P0001,0.0
2023-12-16,S005,P0001,0.0
2023-12-17,S005,P0001,0.0
2023-12-18,S005,P0001,0.0
2023-12-19,S005,P0001,504.0
2023-12-20,S005,P0001,0.0
2023-12-21,S005,P0001,0.0
2023-12-22,S005,P0001,0.0
2023-12-23,S005,P0001,324.0
2023-12-24,S005,P0001,0.0
2023-12-25,S005,P0001,306.0
2023-12-26,S005,P0001,0.0
2023-12-27,S005,P0001,261.0
2023-12-28,S005,P0001,0.0
2023-12-29,S005,P0001,0.0
2023-12-30,S005,P0001,119.0
2023-12-31,S005,P0001,0.0
2024-01-01,S005,P0001,165.0
2024-01-02,S005,P0001,0.0
2024-01-03,S005,P0001,161.0
2024-01-04,S005,P0001,0.0
2024-01-05,S005,P0001,168.0
2024-01-06,S005,P0001,0.0
2024-01-07,S005,P0001,172.0
2024-01-08,S005,P0001,0.0
2024-01-09,S005,P0001,363.0
2024-01-10,S005,P0001,0.0
2024-01-11,S005,P0001,0.0
2024-01-12,S005,P0001,652.0
2024-01-13,S005,P0001,0.0
2024-01-14,S005,P0001,0.0
2024-01-15,S005,P0001,0.0
2024-01-16,S005,P0001,0.0
2024-01-17,S005,P0001,0.0
2024-01-18,S005,P0001,237.0
2024-01-19,S005,P0001,0.0
2024-01-20,S005,P0001,469.0
2024-01-21,S005,P0001,0.0
2024-01-22,S005,P0001,0.0
2024-01-23,S005,P0001,0.0
2024-01-24,S005,P0001,793.0
2024-01-25,S005,P0001,0.0
2024-01-26,S005,P0001,0.0
2024-01-27,S005,P0001,0.0
2024-01-28,S005,P0001,0.0
2024-01-29,S005,P0001,0.0
2024-01-30,S005,P0001,0.0
2023-10-31,S005,P0002,125.0
2023-11-01,S005,P0002,0.0
2023-11-02,S005,P0002,338.0
2023-11-03,S005,P0002,0.0
2023-11-04,S005,P0002,0.0
2023-11-05,S005,P0002,0.0
2023-11-06,S005,P0002,313.0
2023-11-07,S005,P0002,0.0
2023-11-08,S005,P0002,0.0
2023-11-09,S005,P0002,248.0
2023-11-10,S005,P0002,0.0
2023-11-11,S005,P0002,386.0
2023-11-12,S005,P0002,0.0
2023-11-13,S005,P0002,0.0
2023-11-14,S005,P0002,220.0
2023-11-15,S005,P0002,0.0
2023-11-16,S005,P0002,194.0
2023-11-17,S005,P0002,0.0
2023-11-18,S005,P0002,247.0
2023-11-19,S005,P0002,0.0
2023-11-20,S005,P0002,408.0
2023-11-21,S005,P0002,0.0
2023-11-22,S005,P0002,0.0
2023-11-23,S005,P0002,0.0
2023-11-24,S005,P0002,203.0
2023-11-25,S005,P0002,0.0
2023-11-26,S005,P0002,333.0
2023-11-27,S005,P0002,0.0
2023-11-28,S005,P0002,0.0
2023-11-29,S005,P0002,0.0
2023-11-30,S005,P0002,332.0
2023-12-01,S005,P0002,0.0
2023-12-02,S005,P0002,0.0
2023-12-03,S005,P0002,214.0
2023-12-04,S005,P0002,0.0
2023-12-05,S005,P0002,216.0
2023-12-06,S005,P0002,0.0
2023-12-07,S005,P0002,807.0
2023-12-08,S005,P0002,0.0
2023-12-09,S005,P0002,0.0
2023-12-10,S005,P0002,0.0
2023-12-11,S005,P0002,0.0
2023-12-12,S005,P0002,0.0
2023-12-13,S005,P0002,0.0
2023-12-14,S005,P0002,0.0
2023-12-15,S005,P0002,436.0
2023-12-16,S005,P0002,0.0
2023-12-17,S005,P0002,0.0
2023-12-18,S005,P0002,873.0
2023-12-19,S005,P0002,0.0
2023-12-20,S005,P0002,0.0
2023-12-21,S005,P0002,0.0
2023-12-22,S005,P0002,0.0
2023-12-23,S005,P0002,0.0
2023-12-24,S005,P0002,0.0
2023-12-25,S005,P0002,222.0
2023-12-26,S005,P0002,0.0
2023-12-27,S005,P0002,0.0
2023-12-28,S005,P0002,113.0
2023-12-29,S005,P0002,0.0
2023-12-30,S005,P0002,110.0
2023-12-31,S005,P0002,0.0
2024-01-01,S005,P0002,143.0
2024-01-02,S005,P0002,0.0
2024-01-03,S005,P0002,102.0
2024-01-04,S005,P0002,0.0
2024-01-05,S005,P0002,124.0
2024-01-06,S005,P0002,0.0
2024-01-07,S005,P0002,132.0
2024-01-08,S005,P0002,0.0
2024-01-09,S005,P0002,216.0
2024-01-10,S005,P0002,0.0
2024-01-11,S005,P0002,166.0
2024-01-12,S005,P0002,0.0
2024-01-13,S005,P0002,302.0
2024-01-14,S005,P0002,0.0
2024-01-15,S005,P0002,0.0
2024-01-16,S005,P0002,142.0
2024-01-17,S005,P0002,0.0
2024-01-18,S005,P0002,143.0
2024-01-19,S005,P0002,0.0
2024-01-20,S005,P0002,142.0
2024-01-21,S005,P0002,0.0
2024-01-22,S005,P0002,209.0
2024-01-23,S005,P0002,0.0
2024-01-24,S005,P0002,255.0
2024-01-25,S005,P0002,0.0
2024-01-26,S005,P0002,0.0
2024-01-27,S005,P0002,198.0
2024-01-28,S005,P0002,0.0
2024-01-29,S005,P0002,0.0
2024-01-30,S005,P0002,0.0
2023-10-31,S005,P0003,139.0
2023-11-01,S005,P0003,0.0
2023-11-02,S005,P0003,118.0
2023-11-03,S005,P0003,0.0
2023-11-04,S005,P0003,228.0
2023-11-05,S005,P0003,0.0
2023-11-06,S005,P0003,0.0
2023-11-07,S005,P0003,304.0
2023-11-08,S005,P0003,0.0
2023-11-09,S005,P0003,0.0
2023-11-10,S005,P0003,540.0
2023-11-11,S005,P0003,0.0
2023-11-12,S005,P0003,0.0
2023-11-13,S005,P0003,0.0
2023-11-14,S005,P0003,240.0
2023-11-15,S005,P0003,0.0
2023-11-16,S005,P0003,264.0
2023-11-17,S005,P0003,0.0
2023-11-18,S005,P0003,0.0
2023-11-19,S005,P0003,184.0
2023-11-20,S005,P0003,0.0
2023-11-21,S005,P0003,901.0
2023-11-22,S005,P0003,0.0
2023-11-23,S005,P0003,0.0
2023-11-24,S005,P0003,0.0
2023-11-25,S005,P0003,0.0
2023-11-26,S005,P0003,0.0
2023-11-27,S005,P0003,0.0
2023-11-28,S005,P0003,0.0
2023-11-29,S005,P0003,0.0
2023-11-30,S005,P0003,430.0
2023-12-01,S005,P0003,0.0
2023-12-02,S005,P0003,0.0
2023-12-03,S005,P0003,358.0
2023-12-04,S005,P0003,0.0
2023-12-05,S005,P0003,0.0
2023-12-06,S005,P0003,730.0
2023-12-07,S005,P0003,0.0
2023-12-08,S005,P0003,0.0
2023-12-09,S005,P0003,0.0
2023-12-10,S005,P0003,0.0
2023-12-11,S005,P0003,0.0
2023-12-12,S005,P0003,0.0
2023-12-13,S005,P0003,154.0
2023-12-14,S005,P0003,0.0
2023-12-15,S005,P0003,664.0
2023-12-16,S005,P0003,0.0
2023-12-17,S005,P0003,0.0
2023-12-18,S005,P0003,0.0
2023-12-19,S005,P0003,0.0
2023-12-20,S005,P0003,0.0
2023-12-21,S005,P0003,456.0
2023-12-22,S005,P0003,0.0
2023-12-23,S005,P0003,0.0
2023-12-24,S005,P0003,0.0
2023-12-25,S005,P0003,0.0
2023-12-26,S005,P0003,184.0
2023-12-27,S005,P0003,0.0
2023-12-28,S005,P0003,0.0
2023-12-29,S005,P0003,0.0
2023-12-30,S005,P0003,70.0
2023-12-31,S005,P0003,0.0
2024-01-01,S005,P0003,42.0
2024-01-02,S005,P0003,0.0
2024-01-03,S005,P0003,67.0
2024-01-04,S005,P0003,0.0
2024-01-05,S005,P0003,98.0
2024-01-06,S005,P0003,0.0
2024-01-07,S005,P0003,45.0
2024-01-08,S005,P0003,0.0
2024-01-09,S005,P0003,216.0
2024-01-10,S005,P0003,0.0
2024-01-11,S005,P0003,0.0
2024-01-12,S005,P0003,256.0
2024-01-13,S005,P0003,0.0
2024-01-14,S005,P0003,0.0
2024-01-15,S005,P0003,227.0
2024-01-16,S005,P0003,0.0
2024-01-17,S005,P0003,0.0
2024-01-18,S005,P0003,77.0
2024-01-19,S005,P0003,0.0
2024-01-20,S005,P0003,172.0
2024-01-21,S005,P0003,0.0
2024-01-22,S005,P0003,242.0
2024-01-23,S005,P0003,0.0
2024-01-24,S005,P0003,292.0
2024-01-25,S005,P0003,0.0
2024-01-26,S005,P0003,0.0
2024-01-27,S005,P0003,205.0
2024-01-28,S005,P0003,0.0
2024-01-29,S005,P0003,0.0
2024-01-30,S005,P0003,0.0
2023-10-31,S005,P0004,273.0
2023-11-01,S005,P0004,0.0
2023-11-02,S005,P0004,446.0
2023-11-03,S005,P0004,0.0
2023-11-04,S005,P0004,0.0
2023-11-05,S005,P0004,0.0
2023-11-06,S005,P0004,332.0
2023-11-07,S005,P0004,0.0
2023-11-08,S005,P0004,0.0
2023-11-09,S005,P0004,210.0
2023-11-10,S005,P0004,0.0
2023-11-11,S005,P0004,469.0
2023-11-12,S005,P0004,0.0
2023-11-13,S005,P0004,0.0
2023-11-14,S005,P0004,0.0
2023-11-15,S005,P0004,222.0
2023-11-16,S005,P0004,0.0
2023-11-17,S005,P0004,478.0
2023-11-18,S005,P0004,0.0
2023-11-19,S005,P0004,0.0
2023-11-20,S005,P0004,621.0
2023-11-21,S005,P0004,0.0
2023-11-22,S005,P0004,0.0
2023-11-23,S005,P0004,0.0
2023-11-24,S005,P0004,0.0
2023-11-25,S005,P0004,409.0
2023-11-26,S005,P0004,0.0
2023-11-27,S005,P0004,0.0
2023-11-28,S005,P0004,277.0
2023-11-29,S005,P0004,0.0
2023-11-30,S005,P0004,336.0
2023-12-01,S005,P0004,0.0
2023-12-02,S005,P0004,0.0
2023-12-03,S005,P0004,347.0
2023-12-04,S005,P0004,0.0
2023-12-05,S005,P0004,0.0
2023-12-06,S005,P0004,308.0
2023-12-07,S005,P0004,0.0
2023-12-08,S005,P0004,391.0
2023-12-09,S005,P0004,0.0
2023-12-10,S005,P0004,0.0
2023-12-11,S005,P0004,0.0
2023-12-12,S005,P0004,645.0
2023-12-13,S005,P0004,0.0
2023-12-14,S005,P0004,0.0
2023-12-15,S005,P0004,0.0
2023-12-16,S005,P0004,0.0
2023-12-17,S005,P0004,277.0
2023-12-18,S005,P0004,0.0
2023-12-19,S005,P0004,0.0
2023-12-20,S005,P0004,564.0
2023-12-21,S005,P0004,0.0
2023-12-22,S005,P0004,0.0
2023-12-23,S005,P0004,458.0
2023-12-24,S005,P0004,0.0
2023-12-25,S005,P0004,0.0
2023-12-26,S005,P0004,366.0
2023-12-27,S005,P0004,0.0
2023-12-28,S005,P0004,0.0
2023-12-29,S005,P0004,0.0
2023-12-30,S005,P0004,300.0
2023-12-31,S005,P0004,0.0
2024-01-01,S005,P0004,0.0
2024-01-02,S005,P0004,0.0
2024-01-03,S005,P0004,130.0
2024-01-04,S005,P0004,0.0
2024-01-05,S005,P0004,197.0
2024-01-06,S005,P0004,0.0
2024-01-07,S005,P0004,206.0
2024-01-08,S005,P0004,0.0
2024-01-09,S005,P0004,106.0
2024-01-10,S005,P0004,0.0
2024-01-11,S005,P0004,356.0
2024-01-12,S005,P0004,0.0
2024-01-13,S005,P0004,263.0
2024-01-14,S005,P0004,0.0
2024-01-15,S005,P0004,457.0
2024-01-16,S005,P0004,0.0
2024-01-17,S005,P0004,0.0
2024-01-18,S005,P0004,194.0
2024-01-19,S005,P0004,0.0
2024-01-20,S005,P0004,297.0
2024-01-21,S005,P0004,0.0
2024-01-22,S005,P0004,435.0
2024-01-23,S005,P0004,0.0
2024-01-24,S005,P0004,0.0
2024-01-25,S005,P0004,310.0
2024-01-26,S005,P0004,0.0
2024-01-27,S005,P0004,216.0
2024-01-28,S005,P0004,0.0
2024-01-29,S005,P0004,0.0
2024-01-30,S005,P0004,0.0
2023-10-31,S005,P0005,221.0
2023-11-01,S005,P0005,0.0
2023-11-02,S005,P0005,173.0
2023-11-03,S005,P0005,0.0
2023-11-04,S005,P0005,622.0
2023-11-05,S005,P0005,0.0
2023-11-06,S005,P0005,0.0
2023-11-07,S005,P0005,0.0
2023-11-08,S005,P0005,0.0
2023-11-09,S005,P0005,371.0
2023-11-10,S005,P0005,0.0
2023-11-11,S005,P0005,0.0
2023-11-12,S005,P0005,0.0
2023-11-13,S005,P0005,354.0
2023-11-14,S005,P0005,0.0
2023-11-15,S005,P0005,200.0
2023-11-16,S005,P0005,0.0
2023-11-17,S005,P0005,397.0
2023-11-18,S005,P0005,0.0
2023-11-19,S005,P0005,0.0
2023-11-20,S005,P0005,537.0
2023-11-21,S005,P0005,0.0
2023-11-22,S005,P0005,0.0
2023-11-23,S005,P0005,0.0
2023-11-24,S005,P0005,306.0
2023-11-25,S005,P0005,0.0
2023-11-26,S005,P0005,394.0
2023-11-27,S005,P0005,0.0
2023-11-28,S005,P0005,224.0
2023-11-29,S005,P0005,0.0
2023-11-30,S005,P0005,378.0
2023-12-01,S005,P0005,0.0
2023-12-02,S005,P0005,0.0
2023-12-03,S005,P0005,286.0
2023-12-04,S005,P0005,0.0
2023-12-05,S005,P0005,0.0
2023-12-06,S005,P0005,306.0
2023-12-07,S005,P0005,0.0
2023-12-08,S005,P0005,233.0
2023-12-09,S005,P0005,0.0
2023-12-10,S005,P0005,537.0
2023-12-11,S005,P0005,0.0
2023-12-12,S005,P0005,0.0
2023-12-13,S005,P0005,0.0
2023-12-14,S005,P0005,0.0
2023-12-15,S005,P0005,688.0
2023-12-16,S005,P0005,0.0
2023-12-17,S005,P0005,0.0
2023-12-18,S005,P0005,0.0
2023-12-19,S005,P0005,0.0
2023-12-20,S005,P0005,0.0
2023-12-21,S005,P0005,533.0
2023-12-22,S005,P0005,0.0
2023-12-23,S005,P0005,0.0
2023-12-24,S005,P0005,0.0
2023-12-25,S005,P0005,189.0
2023-12-26,S005,P0005,0.0
2023-12-27,S005,P0005,193.0
2023-12-28,S005,P0005,0.0
2023-12-29,S005,P0005,0.0
2023-12-30,S005,P0005,92.0
2023-12-31,S005,P0005,0.0
2024-01-01,S005,P0005,185.0
2024-01-02,S005,P0005,0.0
2024-01-03,S005,P0005,170.0
2024-01-04,S005,P0005,0.0
2024-01-05,S005,P0005,114.0
2024-01-06,S005,P0005,0.0
2024-01-07,S005,P0005,196.0
2024-01-08,S005,P0005,0.0
2024-01-09,S005,P0005,378.0
2024-01-10,S005,P0005,0.0
2024-01-11,S005,P0005,0.0
2024-01-12,S005,P0005,367.0
2024-01-13,S005,P0005,0.0
2024-01-14,S005,P0005,0.0
2024-01-15,S005,P0005,367.0
2024-01-16,S005,P0005,0.0
2024-01-17,S005,P0005,0.0
2024-01-18,S005,P0005,256.0
2024-01-19,S005,P0005,0.0
2024-01-20,S005,P0005,1295.0
2024-01-21,S005,P0005,0.0
2024-01-22,S005,P0005,0.0
2024-01-23,S005,P0005,0.0
2024-01-24,S005,P0005,0.0
2024-01-25,S005,P0005,0.0
2024-01-26,S005,P0005,0.0
2024-01-27,S005,P0005,0.0
2024-01-28,S005,P0005,0.0
2024-01-29,S005,P0005,0.0
2024-01-30,S005,P0005,0.0
2023-10-31,S005,P0006,480.0
2023-11-01,S005,P0006,0.0
2023-11-02,S005,P0006,0.0
2023-11-03,S005,P0006,0.0
2023-11-04,S005,P0006,0.0
2023-11-05,S005,P0006,209.0
2023-11-06,S005,P0006,0.0
2023-11-07,S005,P0006,46.0
2023-11-08,S005,P0006,302.0
2023-11-09,S005,P0006,0.0
2023-11-10,S005,P0006,563.0
2023-11-11,S005,P0006,0.0
2023-11-12,S005,P0006,0.0
2023-11-13,S005,P0006,0.0
2023-11-14,S005,P0006,300.0
2023-11-15,S005,P0006,0.0
2023-11-16,S005,P0006,326.0
2023-11-17,S005,P0006,0.0
2023-11-18,S005,P0006,243.0
2023-11-19,S005,P0006,0.0
2023-11-20,S005,P0006,162.0
2023-11-21,S005,P0006,106.0
2023-11-22,S005,P0006,597.0
2023-11-23,S005,P0006,0.0
2023-11-24,S005,P0006,0.0
2023-11-25,S005,P0006,0.0
2023-11-26,S005,P0006,452.0
2023-11-27,S005,P0006,0.0
2023-11-28,S005,P0006,0.0
2023-11-29,S005,P0006,223.0
2023-11-30,S005,P0006,146.0
2023-12-01,S005,P0006,297.0
2023-12-02,S005,P0006,0.0
2023-12-03,S005,P0006,471.0
2023-12-04,S005,P0006,0.0
2023-12-05,S005,P0006,0.0
2023-12-06,S005,P0006,429.0
2023-12-07,S005,P0006,0.0
2023-12-08,S005,P0006,389.0
2023-12-09,S005,P0006,0.0
2023-12-10,S005,P0006,0.0
2023-12-11,S005,P0006,0.0
2023-12-12,S005,P0006,669.0
2023-12-13,S005,P0006,0.0
2023-12-14,S005,P0006,0.0
2023-12-15,S005,P0006,0.0
2023-12-16,S005,P0006,0.0
2023-12-17,S005,P0006,371.0
2023-12-18,S005,P0006,0.0
2023-12-19,S005,P0006,0.0
2023-12-20,S005,P0006,70.0
2023-12-21,S005,P0006,222.0
2023-12-22,S005,P0006,252.0
2023-12-23,S005,P0006,0.0
2023-12-24,S005,P0006,354.0
2023-12-25,S005,P0006,0.0
2023-12-26,S005,P0006,401.0
2023-12-27,S005,P0006,0.0
2023-12-28,S005,P0006,0.0
2023-12-29,S005,P0006,0.0
2023-12-30,S005,P0006,92.0
2023-12-31,S005,P0006,0.0
2024-01-01,S005,P0006,260.0
2024-01-02,S005,P0006,0.0
2024-01-03,S005,P0006,0.0
2024-01-04,S005,P0006,122.0
2024-01-05,S005,P0006,170.0
2024-01-06,S005,P0006,0.0
2024-01-07,S005,P0006,195.0
2024-01-08,S005,P0006,0.0
2024-01-09,S005,P0006,209.0
2024-01-10,S005,P0006,0.0
2024-01-11,S005,P0006,303.0
2024-01-12,S005,P0006,0.0
2024-01-13,S005,P0006,0.0
2024-01-14,S005,P0006,352.0
2024-01-15,S005,P0006,0.0
2024-01-16,S005,P0006,0.0
2024-01-17,S005,P0006,0.0
2024-01-18,S005,P0006,156.0
2024-01-19,S005,P0006,0.0
2024-01-20,S005,P0006,232.0
2024-01-21,S005,P0006,0.0
2024-01-22,S005,P0006,257.0
2024-01-23,S005,P0006,0.0
2024-01-24,S005,P0006,384.0
2024-01-25,S005,P0006,0.0
2024-01-26,S005,P0006,0.0
2024-01-27,S005,P0006,254.0
2024-01-28,S005,P0006,0.0
2024-01-29,S005,P0006,0.0
2024-01-30,S005,P0006,0.0
2023-10-31,S005,P0007,40.0
2023-11-01,S005,P0007,469.0
2023-11-02,S005,P0007,0.0
2023-11-03,S005,P0007,0.0
2023-11-04,S005,P0007,187.0
2023-11-05,S005,P0007,0.0
2023-11-06,S005,P0007,485.0
2023-11-07,S005,P0007,0.0
2023-11-08,S005,P0007,0.0
2023-11-09,S005,P0007,291.0
2023-11-10,S005,P0007,0.0
2023-11-11,S005,P0007,139.0
2023-11-12,S005,P0007,190.0
2023-11-13,S005,P0007,0.0
2023-11-14,S005,P0007,113.0
2023-11-15,S005,P0007,156.0
2023-11-16,S005,P0007,297.0
2023-11-17,S005,P0007,0.0
2023-11-18,S005,P0007,278.0
2023-11-19,S005,P0007,0.0
2023-11-20,S005,P0007,494.0
2023-11-21,S005,P0007,0.0
2023-11-22,S005,P0007,0.0
2023-11-23,S005,P0007,0.0
2023-11-24,S005,P0007,203.0
2023-11-25,S005,P0007,0.0
2023-11-26,S005,P0007,100.0
2023-11-27,S005,P0007,219.0
2023-11-28,S005,P0007,0.0
2023-11-29,S005,P0007,130.0
2023-11-30,S005,P0007,259.0
2023-12-01,S005,P0007,0.0
2023-12-02,S005,P0007,0.0
2023-12-03,S005,P0007,131.0
2023-12-04,S005,P0007,100.0
2023-12-05,S005,P0007,58.0
2023-12-06,S005,P0007,205.0
2023-12-07,S005,P0007,142.0
2023-12-08,S005,P0007,225.0
2023-12-09,S005,P0007,0.0
2023-12-10,S005,P0007,326.0
2023-12-11,S005,P0007,0.0
2023-12-12,S005,P0007,0.0
2023-12-13,S005,P0007,158.0
2023-12-14,S005,P0007,119.0
2023-12-15,S005,P0007,0.0
2023-12-16,S005,P0007,704.0
2023-12-17,S005,P0007,0.0
2023-12-18,S005,P0007,0.0
2023-12-19,S005,P0007,0.0
2023-12-20,S005,P0007,0.0
2023-12-21,S005,P0007,562.0
2023-12-22,S005,P0007,0.0
2023-12-23,S005,P0007,0.0
2023-12-24,S005,P0007,0.0
2023-12-25,S005,P0007,42.0
2023-12-26,S005,P0007,291.0
2023-12-27,S005,P0007,0.0
2023-12-28,S005,P0007,0.0
2023-12-29,S005,P0007,0.0
2023-12-30,S005,P0007,62.0
2023-12-31,S005,P0007,245.0
2024-01-01,S005,P0007,0.0
2024-01-02,S005,P0007,0.0
2024-01-03,S005,P0007,88.0
2024-01-04,S005,P0007,111.0
2024-01-05,S005,P0007,150.0
2024-01-06,S005,P0007,0.0
2024-01-07,S005,P0007,109.0
2024-01-08,S005,P0007,0.0
2024-01-09,S005,P0007,111.0
2024-01-10,S005,P0007,154.0
2024-01-11,S005,P0007,231.0
2024-01-12,S005,P0007,0.0
2024-01-13,S005,P0007,434.0
2024-01-14,S005,P0007,0.0
2024-01-15,S005,P0007,0.0
2024-01-16,S005,P0007,195.0
2024-01-17,S005,P0007,228.0
2024-01-18,S005,P0007,0.0
2024-01-19,S005,P0007,51.0
2024-01-20,S005,P0007,81.0
2024-01-21,S005,P0007,287.0
2024-01-22,S005,P0007,0.0
2024-01-23,S005,P0007,0.0
2024-01-24,S005,P0007,93.0
2024-01-25,S005,P0007,0.0
2024-01-26,S005,P0007,191.0
2024-01-27,S005,P0007,0.0
2024-01-28,S005,P0007,96.0
2024-01-29,S005,P0007,0.0
2024-01-30,S005,P0007,0.0
2023-10-31,S005,P0008,635.0
2023-11-01,S005,P0008,0.0
2023-11-02,S005,P0008,0.0
2023-11-03,S005,P0008,0.0
2023-11-04,S005,P0008,0.0
2023-11-05,S005,P0008,156.0
2023-11-06,S005,P0008,0.0
2023-11-07,S005,P0008,130.0
2023-11-08,S005,P0008,328.0
2023-11-09,S005,P0008,0.0
2023-11-10,S005,P0008,150.0
2023-11-11,S005,P0008,67.0
2023-11-12,S005,P0008,268.0
2023-11-13,S005,P0008,0.0
2023-11-14,S005,P0008,99.0
2023-11-15,S005,P0008,276.0
2023-11-16,S005,P0008,0.0
2023-11-17,S005,P0008,143.0
2023-11-18,S005,P0008,219.0
2023-11-19,S005,P0008,0.0
2023-11-20,S005,P0008,88.0
2023-11-21,S005,P0008,105.0
2023-11-22,S005,P0008,183.0
2023-11-23,S005,P0008,0.0
2023-11-24,S005,P0008,261.0
2023-11-25,S005,P0008,0.0
2023-11-26,S005,P0008,237.0
2023-11-27,S005,P0008,0.0
2023-11-28,S005,P0008,189.0
2023-11-29,S005,P0008,0.0
2023-11-30,S005,P0008,354.0
2023-12-01,S005,P0008,0.0
2023-12-02,S005,P0008,0.0
2023-12-03,S005,P0008,461.0
2023-12-04,S005,P0008,0.0
2023-12-05,S005,P0008,0.0
2023-12-06,S005,P0008,361.0
2023-12-07,S005,P0008,0.0
2023-12-08,S005,P0008,295.0
2023-12-09,S005,P0008,0.0
2023-12-10,S005,P0008,0.0
2023-12-11,S005,P0008,0.0
2023-12-12,S005,P0008,559.0
2023-12-13,S005,P0008,0.0
2023-12-14,S005,P0008,0.0
2023-12-15,S005,P0008,0.0
2023-12-16,S005,P0008,461.0
2023-12-17,S005,P0008,0.0
2023-12-18,S005,P0008,0.0
2023-12-19,S005,P0008,258.0
2023-12-20,S005,P0008,0.0
2023-12-21,S005,P0008,82.0
2023-12-22,S005,P0008,337.0
2023-12-23,S005,P0008,0.0
2023-12-24,S005,P0008,127.0
2023-12-25,S005,P0008,281.0
2023-12-26,S005,P0008,0.0
2023-12-27,S005,P0008,150.0
2023-12-28,S005,P0008,0.0
2023-12-29,S005,P0008,113.0
2023-12-30,S005,P0008,54.0
2023-12-31,S005,P0008,204.0
2024-01-01,S005,P0008,0.0
2024-01-02,S005,P0008,0.0
2024-01-03,S005,P0008,260.0
2024-01-04,S005,P0008,0.0
2024-01-05,S005,P0008,168.0
2024-01-06,S005,P0008,0.0
2024-01-07,S005,P0008,145.0
2024-01-08,S005,P0008,0.0
2024-01-09,S005,P0008,207.0
2024-01-10,S005,P0008,0.0
2024-01-11,S005,P0008,370.0
2024-01-12,S005,P0008,0.0
2024-01-13,S005,P0008,364.0
2024-01-14,S005,P0008,0.0
2024-01-15,S005,P0008,0.0
2024-01-16,S005,P0008,145.0
2024-01-17,S005,P0008,133.0
2024-01-18,S005,P0008,300.0
2024-01-19,S005,P0008,0.0
2024-01-20,S005,P0008,127.0
2024-01-21,S005,P0008,355.0
2024-01-22,S005,P0008,0.0
2024-01-23,S005,P0008,139.0
2024-01-24,S005,P0008,294.0
2024-01-25,S005,P0008,0.0
2024-01-26,S005,P0008,122.0
2024-01-27,S005,P0008,252.0
2024-01-28,S005,P0008,0.0
2024-01-29,S005,P0008,0.0
2024-01-30,S005,P0008,0.0
2023-10-31,S005,P0009,118.0
2023-11-01,S005,P0009,345.0
2023-11-02,S005,P0009,0.0
2023-11-03,S005,P0009,0.0
2023-11-04,S005,P0009,197.0
2023-11-05,S005,P0009,0.0
2023-11-06,S005,P0009,303.0
2023-11-07,S005,P0009,0.0
2023-11-08,S005,P0009,0.0
2023-11-09,S005,P0009,249.0
2023-11-10,S005,P0009,0.0
2023-11-11,S005,P0009,87.0
2023-11-12,S005,P0009,117.0
2023-11-13,S005,P0009,0.0
2023-11-14,S005,P0009,186.0
2023-11-15,S005,P0009,171.0
2023-11-16,S005,P0009,0.0
2023-11-17,S005,P0009,369.0
2023-11-18,S005,P0009,0.0
2023-11-19,S005,P0009,0.0
2023-11-20,S005,P0009,103.0
2023-11-21,S005,P0009,105.0
2023-11-22,S005,P0009,490.0
2023-11-23,S005,P0009,0.0
2023-11-24,S005,P0009,0.0
2023-11-25,S005,P0009,0.0
2023-11-26,S005,P0009,122.0
2023-11-27,S005,P0009,242.0
2023-11-28,S005,P0009,0.0
2023-11-29,S005,P0009,129.0
2023-11-30,S005,P0009,516.0
2023-12-01,S005,P0009,0.0
2023-12-02,S005,P0009,0.0
2023-12-03,S005,P0009,370.0
2023-12-04,S005,P0009,0.0
2023-12-05,S005,P0009,0.0
2023-12-06,S005,P0009,370.0
2023-12-07,S005,P0009,0.0
2023-12-08,S005,P0009,525.0
2023-12-09,S005,P0009,0.0
2023-12-10,S005,P0009,0.0
2023-12-11,S005,P0009,0.0
2023-12-12,S005,P0009,411.0
2023-12-13,S005,P0009,0.0
2023-12-14,S005,P0009,235.0
2023-12-15,S005,P0009,0.0
2023-12-16,S005,P0009,524.0
2023-12-17,S005,P0009,0.0
2023-12-18,S005,P0009,0.0
2023-12-19,S005,P0009,151.0
2023-12-20,S005,P0009,362.0
2023-12-21,S005,P0009,0.0
2023-12-22,S005,P0009,0.0
2023-12-23,S005,P0009,298.0
2023-12-24,S005,P0009,0.0
2023-12-25,S005,P0009,0.0
2023-12-26,S005,P0009,280.0
2023-12-27,S005,P0009,0.0
2023-12-28,S005,P0009,0.0
2023-12-29,S005,P0009,110.0
2023-12-30,S005,P0009,49.0
2023-12-31,S005,P0009,232.0
2024-01-01,S005,P0009,0.0
2024-01-02,S005,P0009,0.0
2024-01-03,S005,P0009,98.0
2024-01-04,S005,P0009,0.0
2024-01-05,S005,P0009,162.0
2024-01-06,S005,P0009,0.0
2024-01-07,S005,P0009,133.0
2024-01-08,S005,P0009,0.0
2024-01-09,S005,P0009,75.0
2024-01-10,S005,P0009,105.0
2024-01-11,S005,P0009,115.0
2024-01-12,S005,P0009,525.0
2024-01-13,S005,P0009,0.0
2024-01-14,S005,P0009,0.0
2024-01-15,S005,P0009,103.0
2024-01-16,S005,P0009,70.0
2024-01-17,S005,P0009,128.0
2024-01-18,S005,P0009,249.0
2024-01-19,S005,P0009,0.0
2024-01-20,S005,P0009,225.0
2024-01-21,S005,P0009,596.0
2024-01-22,S005,P0009,0.0
2024-01-23,S005,P0009,0.0
2024-01-24,S005,P0009,0.0
2024-01-25,S005,P0009,0.0
2024-01-26,S005,P0009,62.0
2024-01-27,S005,P0009,190.0
2024-01-28,S005,P0009,0.0
2024-01-29,S005,P0009,0.0
2024-01-30,S005,P0009,0.0
2023-10-31,S005,P0010,512.0
2023-11-01,S005,P0010,0.0
2023-11-02,S005,P0010,0.0
2023-11-03,S005,P0010,190.0
2023-11-04,S005,P0010,0.0
2023-11-05,S005,P0010,517.0
2023-11-06,S005,P0010,0.0
2023-11-07,S005,P0010,0.0
2023-11-08,S005,P0010,0.0
2023-11-09,S005,P0010,588.0
2023-11-10,S005,P0010,0.0
2023-11-11,S005,P0010,0.0
2023-11-12,S005,P0010,0.0
2023-11-13,S005,P0010,0.0
2023-11-14,S005,P0010,251.0
2023-11-15,S005,P0010,0.0
2023-11-16,S005,P0010,181.0
2023-11-17,S005,P0010,0.0
2023-11-18,S005,P0010,414.0
2023-11-19,S005,P0010,0.0
2023-11-20,S005,P0010,95.0
2023-11-21,S005,P0010,617.0
2023-11-22,S005,P0010,0.0
2023-11-23,S005,P0010,0.0
2023-11-24,S005,P0010,0.0
2023-11-25,S005,P0010,0.0
2023-11-26,S005,P0010,518.0
2023-11-27,S005,P0010,0.0
2023-11-28,S005,P0010,0.0
2023-11-29,S005,P0010,0.0
2023-11-30,S005,P0010,299.0
2023-12-01,S005,P0010,0.0
2023-12-02,S005,P0010,0.0
2023-12-03,S005,P0010,242.0
2023-12-04,S005,P0010,0.0
2023-12-05,S005,P0010,78.0
2023-12-06,S005,P0010,310.0
2023-12-07,S005,P0010,0.0
2023-12-08,S005,P0010,0.0
2023-12-09,S005,P0010,252.0
2023-12-10,S005,P0010,0.0
2023-12-11,S005,P0010,496.0
2023-12-12,S005,P0010,0.0
2023-12-13,S005,P0010,0.0
2023-12-14,S005,P0010,0.0
2023-12-15,S005,P0010,262.0
2023-12-16,S005,P0010,0.0
2023-12-17,S005,P0010,0.0
2023-12-18,S005,P0010,283.0
2023-12-19,S005,P0010,0.0
2023-12-20,S005,P0010,293.0
2023-12-21,S005,P0010,0.0
2023-12-22,S005,P0010,256.0
2023-12-23,S005,P0010,0.0
2023-12-24,S005,P0010,389.0
2023-12-25,S005,P0010,0.0
2023-12-26,S005,P0010,343.0
2023-12-27,S005,P0010,0.0
2023-12-28,S005,P0010,0.0
2023-12-29,S005,P0010,0.0
2023-12-30,S005,P0010,35.0
2023-12-31,S005,P0010,174.0
2024-01-01,S005,P0010,0.0
2024-01-02,S005,P0010,0.0
2024-01-03,S005,P0010,179.0
2024-01-04,S005,P0010,0.0
2024-01-05,S005,P0010,171.0
2024-01-06,S005,P0010,0.0
2024-01-07,S005,P0010,175.0
2024-01-08,S005,P0010,0.0
2024-01-09,S005,P0010,198.0
2024-01-10,S005,P0010,0.0
2024-01-11,S005,P0010,274.0
2024-01-12,S005,P0010,0.0
2024-01-13,S005,P0010,323.0
2024-01-14,S005,P0010,0.0
2024-01-15,S005,P0010,0.0
2024-01-16,S005,P0010,301.0
2024-01-17,S005,P0010,0.0
2024-01-18,S005,P0010,184.0
2024-01-19,S005,P0010,0.0
2024-01-20,S005,P0010,270.0
2024-01-21,S005,P0010,0.0
2024-01-22,S005,P0010,262.0
2024-01-23,S005,P0010,0.0
2024-01-24,S005,P0010,258.0
2024-01-25,S005,P0010,0.0
2024-01-26,S005,P0010,0.0
2024-01-27,S005,P0010,195.0
2024-01-28,S005,P0010,0.0
2024-01-29,S005,P0010,0.0
2024-01-30,S005,P0010,0.0
2023-10-31,S005,P0011,359.0
2023-11-01,S005,P0011,0.0
2023-11-02,S005,P0011,0.0
2023-11-03,S005,P0011,224.0
2023-11-04,S005,P0011,0.0
2023-11-05,S005,P0011,196.0
2023-11-06,S005,P0011,0.0
2023-11-07,S005,P0011,475.0
2023-11-08,S005,P0011,0.0
2023-11-09,S005,P0011,0.0
2023-11-10,S005,P0011,0.0
2023-11-11,S005,P0011,0.0
2023-11-12,S005,P0011,267.0
2023-11-13,S005,P0011,0.0
2023-11-14,S005,P0011,0.0
2023-11-15,S005,P0011,170.0
2023-11-16,S005,P0011,0.0
2023-11-17,S005,P0011,389.0
2023-11-18,S005,P0011,0.0
2023-11-19,S005,P0011,0.0
2023-11-20,S005,P0011,371.0
2023-11-21,S005,P0011,0.0
2023-11-22,S005,P0011,0.0
2023-11-23,S005,P0011,0.0
2023-11-24,S005,P0011,264.0
2023-11-25,S005,P0011,0.0
2023-11-26,S005,P0011,414.0
2023-11-27,S005,P0011,0.0
2023-11-28,S005,P0011,0.0
2023-11-29,S005,P0011,0.0
2023-11-30,S005,P0011,242.0
2023-12-01,S005,P0011,0.0
2023-12-02,S005,P0011,0.0
2023-12-03,S005,P0011,293.0
2023-12-04,S005,P0011,0.0
2023-12-05,S005,P0011,0.0
2023-12-06,S005,P0011,245.0
2023-12-07,S005,P0011,0.0
2023-12-08,S005,P0011,361.0
2023-12-09,S005,P0011,0.0
2023-12-10,S005,P0011,0.0
2023-12-11,S005,P0011,0.0
2023-12-12,S005,P0011,564.0
2023-12-13,S005,P0011,0.0
2023-12-14,S005,P0011,0.0
2023-12-15,S005,P0011,0.0
2023-12-16,S005,P0011,0.0
2023-12-17,S005,P0011,308.0
2023-12-18,S005,P0011,0.0
2023-12-19,S005,P0011,0.0
2023-12-20,S005,P0011,228.0
2023-12-21,S005,P0011,0.0
2023-12-22,S005,P0011,0.0
2023-12-23,S005,P0011,169.0
2023-12-24,S005,P0011,0.0
2023-12-25,S005,P0011,379.0
2023-12-26,S005,P0011,0.0
2023-12-27,S005,P0011,0.0
2023-12-28,S005,P0011,0.0
2023-12-29,S005,P0011,0.0
2023-12-30,S005,P0011,82.0
2023-12-31,S005,P0011,0.0
2024-01-01,S005,P0011,111.0
2024-01-02,S005,P0011,0.0
2024-01-03,S005,P0011,100.0
2024-01-04,S005,P0011,0.0
2024-01-05,S005,P0011,104.0
2024-01-06,S005,P0011,0.0
2024-01-07,S005,P0011,73.0
2024-01-08,S005,P0011,0.0
2024-01-09,S005,P0011,140.0
2024-01-10,S005,P0011,0.0
2024-01-11,S005,P0011,214.0
2024-01-12,S005,P0011,0.0
2024-01-13,S005,P0011,415.0
2024-01-14,S005,P0011,0.0
2024-01-15,S005,P0011,0.0
2024-01-16,S005,P0011,976.0
2024-01-17,S005,P0011,0.0
2024-01-18,S005,P0011,0.0
2024-01-19,S005,P0011,0.0
2024-01-20,S005,P0011,0.0
2024-01-21,S005,P0011,0.0
2024-01-22,S005,P0011,0.0
2024-01-23,S005,P0011,0.0
2024-01-24,S005,P0011,0.0
2024-01-25,S005,P0011,203.0
2024-01-26,S005,P0011,0.0
2024-01-27,S005,P0011,201.0
2024-01-28,S005,P0011,0.0
2024-01-29,S005,P0011,0.0
2024-01-30,S005,P0011,0.0
2023-10-31,S005,P0012,35.0
2023-11-01,S005,P0012,230.0
2023-11-02,S005,P0012,0.0
2023-11-03,S005,P0012,0.0
2023-11-04,S005,P0012,114.0
2023-11-05,S005,P0012,339.0
2023-11-06,S005,P0012,0.0
2023-11-07,S005,P0012,0.0
2023-11-08,S005,P0012,0.0
2023-11-09,S005,P0012,211.0
2023-11-10,S005,P0012,0.0
2023-11-11,S005,P0012,0.0
2023-11-12,S005,P0012,42.0
2023-11-13,S005,P0012,48.0
2023-11-14,S005,P0012,100.0
2023-11-15,S005,P0012,112.0
2023-11-16,S005,P0012,0.0
2023-11-17,S005,P0012,343.0
2023-11-18,S005,P0012,0.0
2023-11-19,S005,P0012,0.0
2023-11-20,S005,P0012,86.0
2023-11-21,S005,P0012,299.0
2023-11-22,S005,P0012,0.0
2023-11-23,S005,P0012,133.0
2023-11-24,S005,P0012,198.0
2023-11-25,S005,P0012,0.0
2023-11-26,S005,P0012,93.0
2023-11-27,S005,P0012,153.0
2023-11-28,S005,P0012,0.0
2023-11-29,S005,P0012,111.0
2023-11-30,S005,P0012,342.0
2023-12-01,S005,P0012,0.0
2023-12-02,S005,P0012,0.0
2023-12-03,S005,P0012,261.0
2023-12-04,S005,P0012,0.0
2023-12-05,S005,P0012,0.0
2023-12-06,S005,P0012,83.0
2023-12-07,S005,P0012,92.0
2023-12-08,S005,P0012,362.0
2023-12-09,S005,P0012,0.0
2023-12-10,S005,P0012,0.0
2023-12-11,S005,P0012,0.0
2023-12-12,S005,P0012,92.0
2023-12-13,S005,P0012,402.0
2023-12-14,S005,P0012,0.0
2023-12-15,S005,P0012,0.0
2023-12-16,S005,P0012,0.0
2023-12-17,S005,P0012,0.0
2023-12-18,S005,P0012,86.0
2023-12-19,S005,P0012,163.0
2023-12-20,S005,P0012,0.0
2023-12-21,S005,P0012,65.0
2023-12-22,S005,P0012,187.0
2023-12-23,S005,P0012,0.0
2023-12-24,S005,P0012,62.0
2023-12-25,S005,P0012,67.0
2023-12-26,S005,P0012,221.0
2023-12-27,S005,P0012,0.0
2023-12-28,S005,P0012,0.0
2023-12-29,S005,P0012,0.0
2023-12-30,S005,P0012,15.0
2023-12-31,S005,P0012,73.0
2024-01-01,S005,P0012,0.0
2024-01-02,S005,P0012,0.0
2024-01-03,S005,P0012,18.0
2024-01-04,S005,P0012,38.0
2024-01-05,S005,P0012,95.0
2024-01-06,S005,P0012,0.0
2024-01-07,S005,P0012,115.0
2024-01-08,S005,P0012,0.0
2024-01-09,S005,P0012,187.0
2024-01-10,S005,P0012,0.0
2024-01-11,S005,P0012,258.0
2024-01-12,S005,P0012,0.0
2024-01-13,S005,P0012,0.0
2024-01-14,S005,P0012,373.0
2024-01-15,S005,P0012,0.0
2024-01-16,S005,P0012,0.0
2024-01-17,S005,P0012,0.0
2024-01-18,S005,P0012,186.0
2024-01-19,S005,P0012,0.0
2024-01-20,S005,P0012,105.0
2024-01-21,S005,P0012,219.0
2024-01-22,S005,P0012,0.0
2024-01-23,S005,P0012,170.0
2024-01-24,S005,P0012,0.0
2024-01-25,S005,P0012,69.0
2024-01-26,S005,P0012,0.0
2024-01-27,S005,P0012,162.0
2024-01-28,S005,P0012,0.0
2024-01-29,S005,P0012,0.0
2024-01-30,S005,P0012,0.0
2023-10-31,S005,P0013,138.0
2023-11-01,S005,P0013,406.0
2023-11-02,S005,P0013,0.0
2023-11-03,S005,P0013,0.0
2023-11-04,S005,P0013,100.0
2023-11-05,S005,P0013,167.0
2023-11-06,S005,P0013,232.0
2023-11-07,S005,P0013,0.0
2023-11-08,S005,P0013,0.0
2023-11-09,S005,P0013,249.0
2023-11-10,S005,P0013,0.0
2023-11-11,S005,P0013,314.0
2023-11-12,S005,P0013,0.0
2023-11-13,S005,P0013,0.0
2023-11-14,S005,P0013,150.0
2023-11-15,S005,P0013,260.0
2023-11-16,S005,P0013,0.0
2023-11-17,S005,P0013,0.0
2023-11-18,S005,P0013,134.0
2023-11-19,S005,P0013,0.0
2023-11-20,S005,P0013,358.0
2023-11-21,S005,P0013,0.0
2023-11-22,S005,P0013,0.0
2023-11-23,S005,P0013,0.0
2023-11-24,S005,P0013,131.0
2023-11-25,S005,P0013,0.0
2023-11-26,S005,P0013,116.0
2023-11-27,S005,P0013,247.0
2023-11-28,S005,P0013,0.0
2023-11-29,S005,P0013,118.0
2023-11-30,S005,P0013,579.0
2023-12-01,S005,P0013,0.0
2023-12-02,S005,P0013,0.0
2023-12-03,S005,P0013,104.0
2023-12-04,S005,P0013,288.0
2023-12-05,S005,P0013,0.0
2023-12-06,S005,P0013,340.0
2023-12-07,S005,P0013,0.0
2023-12-08,S005,P0013,0.0
2023-12-09,S005,P0013,593.0
2023-12-10,S005,P0013,0.0
2023-12-11,S005,P0013,0.0
2023-12-12,S005,P0013,0.0
2023-12-13,S005,P0013,0.0
2023-12-14,S005,P0013,175.0
2023-12-15,S005,P0013,814.0
2023-12-16,S005,P0013,0.0
2023-12-17,S005,P0013,0.0
2023-12-18,S005,P0013,0.0
2023-12-19,S005,P0013,0.0
2023-12-20,S005,P0013,0.0
2023-12-21,S005,P0013,129.0
2023-12-22,S005,P0013,290.0
2023-12-23,S005,P0013,0.0
2023-12-24,S005,P0013,218.0
2023-12-25,S005,P0013,0.0
2023-12-26,S005,P0013,333.0
2023-12-27,S005,P0013,0.0
2023-12-28,S005,P0013,0.0
2023-12-29,S005,P0013,0.0
2023-12-30,S005,P0013,247.0
2023-12-31,S005,P0013,0.0
2024-01-01,S005,P0013,0.0
2024-01-02,S005,P0013,0.0
2024-01-03,S005,P0013,100.0
2024-01-04,S005,P0013,64.0
2024-01-05,S005,P0013,169.0
2024-01-06,S005,P0013,0.0
2024-01-07,S005,P0013,148.0
2024-01-08,S005,P0013,0.0
2024-01-09,S005,P0013,180.0
2024-01-10,S005,P0013,0.0
2024-01-11,S005,P0013,121.0
2024-01-12,S005,P0013,248.0
2024-01-13,S005,P0013,0.0
2024-01-14,S005,P0013,0.0
2024-01-15,S005,P0013,97.0
2024-01-16,S005,P0013,104.0
2024-01-17,S005,P0013,229.0
2024-01-18,S005,P0013,247.0
2024-01-19,S005,P0013,0.0
2024-01-20,S005,P0013,312.0
2024-01-21,S005,P0013,0.0
2024-01-22,S005,P0013,244.0
2024-01-23,S005,P0013,0.0
2024-01-24,S005,P0013,314.0
2024-01-25,S005,P0013,0.0
2024-01-26,S005,P0013,127.0
2024-01-27,S005,P0013,291.0
2024-01-28,S005,P0013,0.0
2024-01-29,S005,P0013,0.0
2024-01-30,S005,P0013,0.0
2023-10-31,S005,P0014,66.0
2023-11-01,S005,P0014,54.0
2023-11-02,S005,P0014,191.0
2023-11-03,S005,P0014,0.0
2023-11-04,S005,P0014,161.0
2023-11-05,S005,P0014,0.0
2023-11-06,S005,P0014,83.0
2023-11-07,S005,P0014,59.0
2023-11-08,S005,P0014,168.0
2023-11-09,S005,P0014,0.0
2023-11-10,S005,P0014,421.0
2023-11-11,S005,P0014,0.0
2023-11-12,S005,P0014,0.0
2023-11-13,S005,P0014,0.0
2023-11-14,S005,P0014,78.0
2023-11-15,S005,P0014,197.0
2023-11-16,S005,P0014,0.0
2023-11-17,S005,P0014,80.0
2023-11-18,S005,P0014,163.0
2023-11-19,S005,P0014,0.0
2023-11-20,S005,P0014,77.0
2023-11-21,S005,P0014,94.0
2023-11-22,S005,P0014,246.0
2023-11-23,S005,P0014,0.0
2023-11-24,S005,P0014,0.0
2023-11-25,S005,P0014,0.0
2023-11-26,S005,P0014,66.0
2023-11-27,S005,P0014,276.0
2023-11-28,S005,P0014,0.0
2023-11-29,S005,P0014,0.0
2023-11-30,S005,P0014,214.0
2023-12-01,S005,P0014,0.0
2023-12-02,S005,P0014,0.0
2023-12-03,S005,P0014,52.0
2023-12-04,S005,P0014,196.0
2023-12-05,S005,P0014,0.0
2023-12-06,S005,P0014,218.0
2023-12-07,S005,P0014,0.0
2023-12-08,S005,P0014,213.0
2023-12-09,S005,P0014,0.0
2023-12-10,S005,P0014,322.0
2023-12-11,S005,P0014,0.0
2023-12-12,S005,P0014,0.0
2023-12-13,S005,P0014,94.0
2023-12-14,S005,P0014,230.0
2023-12-15,S005,P0014,0.0
2023-12-16,S005,P0014,0.0
2023-12-17,S005,P0014,127.0
2023-12-18,S005,P0014,0.0
2023-12-19,S005,P0014,68.0
2023-12-20,S005,P0014,84.0
2023-12-21,S005,P0014,117.0
2023-12-22,S005,P0014,83.0
2023-12-23,S005,P0014,253.0
2023-12-24,S005,P0014,0.0
2023-12-25,S005,P0014,0.0
2023-12-26,S005,P0014,152.0
2023-12-27,S005,P0014,0.0
2023-12-28,S005,P0014,0.0
2023-12-29,S005,P0014,0.0
2023-12-30,S005,P0014,33.0
2023-12-31,S005,P0014,155.0
2024-01-01,S005,P0014,0.0
2024-01-02,S005,P0014,0.0
2024-01-03,S005,P0014,33.0
2024-01-04,S005,P0014,33.0
2024-01-05,S005,P0014,80.0
2024-01-06,S005,P0014,0.0
2024-01-07,S005,P0014,51.0
2024-01-08,S005,P0014,0.0
2024-01-09,S005,P0014,65.0
2024-01-10,S005,P0014,95.0
2024-01-11,S005,P0014,46.0
2024-01-12,S005,P0014,227.0
2024-01-13,S005,P0014,0.0
2024-01-14,S005,P0014,0.0
2024-01-15,S005,P0014,114.0
2024-01-16,S005,P0014,86.0
2024-01-17,S005,P0014,36.0
2024-01-18,S005,P0014,185.0
2024-01-19,S005,P0014,0.0
2024-01-20,S005,P0014,112.0
2024-01-21,S005,P0014,98.0
2024-01-22,S005,P0014,114.0
2024-01-23,S005,P0014,0.0
2024-01-24,S005,P0014,177.0
2024-01-25,S005,P0014,0.0
2024-01-26,S005,P0014,65.0
2024-01-27,S005,P0014,152.0
2024-01-28,S005,P0014,0.0
2024-01-29,S005,P0014,0.0
2024-01-30,S005,P0014,0.0
2023-10-31,S005,P0015,266.0
2023-11-01,S005,P0015,0.0
2023-11-02,S005,P0015,243.0
2023-11-03,S005,P0015,0.0
2023-11-04,S005,P0015,251.0
2023-11-05,S005,P0015,0.0
2023-11-06,S005,P0015,354.0
2023-11-07,S005,P0015,0.0
2023-11-08,S005,P0015,0.0
2023-11-09,S005,P0015,201.0
2023-11-10,S005,P0015,0.0
2023-11-11,S005,P0015,500.0
2023-11-12,S005,P0015,0.0
2023-11-13,S005,P0015,0.0
2023-11-14,S005,P0015,0.0
2023-11-15,S005,P0015,0.0
2023-11-16,S005,P0015,506.0
2023-11-17,S005,P0015,0.0
2023-11-18,S005,P0015,0.0
2023-11-19,S005,P0015,0.0
2023-11-20,S005,P0015,332.0
2023-11-21,S005,P0015,0.0
2023-11-22,S005,P0015,491.0
2023-11-23,S005,P0015,0.0
2023-11-24,S005,P0015,0.0
2023-11-25,S005,P0015,0.0
2023-11-26,S005,P0015,607.0
2023-11-27,S005,P0015,0.0
2023-11-28,S005,P0015,0.0
2023-11-29,S005,P0015,0.0
2023-11-30,S005,P0015,410.0
2023-12-01,S005,P0015,0.0
2023-12-02,S005,P0015,0.0
2023-12-03,S005,P0015,249.0
2023-12-04,S005,P0015,0.0
2023-12-05,S005,P0015,0.0
2023-12-06,S005,P0015,287.0
2023-12-07,S005,P0015,0.0
2023-12-08,S005,P0015,0.0
2023-12-09,S005,P0015,124.0
2023-12-10,S005,P0015,0.0
2023-12-11,S005,P0015,149.0
2023-12-12,S005,P0015,0.0
2023-12-13,S005,P0015,586.0
2023-12-14,S005,P0015,0.0
2023-12-15,S005,P0015,0.0
2023-12-16,S005,P0015,0.0
2023-12-17,S005,P0015,0.0
2023-12-18,S005,P0015,0.0
2023-12-19,S005,P0015,366.0
2023-12-20,S005,P0015,0.0
2023-12-21,S005,P0015,0.0
2023-12-22,S005,P0015,983.0
2023-12-23,S005,P0015,0.0
2023-12-24,S005,P0015,0.0
2023-12-25,S005,P0015,0.0
2023-12-26,S005,P0015,0.0
2023-12-27,S005,P0015,0.0
2023-12-28,S005,P0015,0.0
2023-12-29,S005,P0015,0.0
2023-12-30,S005,P0015,293.0
2023-12-31,S005,P0015,0.0
2024-01-01,S005,P0015,0.0
2024-01-02,S005,P0015,249.0
2024-01-03,S005,P0015,0.0
2024-01-04,S005,P0015,0.0
2024-01-05,S005,P0015,174.0
2024-01-06,S005,P0015,0.0
2024-01-07,S005,P0015,222.0
2024-01-08,S005,P0015,0.0
2024-01-09,S005,P0015,0.0
2024-01-10,S005,P0015,332.0
2024-01-11,S005,P0015,0.0
2024-01-12,S005,P0015,0.0
2024-01-13,S005,P0015,314.0
2024-01-14,S005,P0015,0.0
2024-01-15,S005,P0015,0.0
2024-01-16,S005,P0015,721.0
2024-01-17,S005,P0015,0.0
2024-01-18,S005,P0015,0.0
2024-01-19,S005,P0015,0.0
2024-01-20,S005,P0015,0.0
2024-01-21,S005,P0015,0.0
2024-01-22,S005,P0015,326.0
2024-01-23,S005,P0015,0.0
2024-01-24,S005,P0015,0.0
2024-01-25,S005,P0015,567.0
2024-01-26,S005,P0015,0.0
2024-01-27,S005,P0015,0.0
2024-01-28,S005,P0015,0.0
2024-01-29,S005,P0015,0.0
2024-01-30,S005,P0015,0.0
2023-10-31,S005,P0016,544.0
2023-11-01,S005,P0016,0.0
2023-11-02,S005,P0016,0.0
2023-11-03,S005,P0016,0.0
2023-11-04,S005,P0016,0.0
2023-11-05,S005,P0016,202.0
2023-11-06,S005,P0016,0.0
2023-11-07,S005,P0016,155.0
2023-11-08,S005,P0016,0.0
2023-11-09,S005,P0016,387.0
2023-11-10,S005,P0016,0.0
2023-11-11,S005,P0016,0.0
2023-11-12,S005,P0016,0.0
2023-11-13,S005,P0016,245.0
2023-11-14,S005,P0016,0.0
2023-11-15,S005,P0016,180.0
2023-11-16,S005,P0016,0.0
2023-11-17,S005,P0016,226.0
2023-11-18,S005,P0016,0.0
2023-11-19,S005,P0016,183.0
2023-11-20,S005,P0016,0.0
2023-11-21,S005,P0016,249.0
2023-11-22,S005,P0016,0.0
2023-11-23,S005,P0016,374.0
2023-11-24,S005,P0016,0.0
2023-11-25,S005,P0016,0.0
2023-11-26,S005,P0016,427.0
2023-11-27,S005,P0016,0.0
2023-11-28,S005,P0016,0.0
2023-11-29,S005,P0016,0.0
2023-11-30,S005,P0016,348.0
2023-12-01,S005,P0016,0.0
2023-12-02,S005,P0016,0.0
2023-12-03,S005,P0016,315.0
2023-12-04,S005,P0016,0.0
2023-12-05,S005,P0016,0.0
2023-12-06,S005,P0016,172.0
2023-12-07,S005,P0016,0.0
2023-12-08,S005,P0016,280.0
2023-12-09,S005,P0016,0.0
2023-12-10,S005,P0016,0.0
2023-12-11,S005,P0016,200.0
2023-12-12,S005,P0016,0.0
2023-12-13,S005,P0016,567.0
2023-12-14,S005,P0016,0.0
2023-12-15,S005,P0016,0.0
2023-12-16,S005,P0016,0.0
2023-12-17,S005,P0016,0.0
2023-12-18,S005,P0016,397.0
2023-12-19,S005,P0016,0.0
2023-12-20,S005,P0016,0.0
2023-12-21,S005,P0016,555.0
2023-12-22,S005,P0016,0.0
2023-12-23,S005,P0016,0.0
2023-12-24,S005,P0016,0.0
2023-12-25,S005,P0016,0.0
2023-12-26,S005,P0016,196.0
2023-12-27,S005,P0016,0.0
2023-12-28,S005,P0016,0.0
2023-12-29,S005,P0016,0.0
2023-12-30,S005,P0016,60.0
2023-12-31,S005,P0016,0.0
2024-01-01,S005,P0016,36.0
2024-01-02,S005,P0016,0.0
2024-01-03,S005,P0016,77.0
2024-01-04,S005,P0016,0.0
2024-01-05,S005,P0016,44.0
2024-01-06,S005,P0016,0.0
2024-01-07,S005,P0016,51.0
2024-01-08,S005,P0016,0.0
2024-01-09,S005,P0016,260.0
2024-01-10,S005,P0016,0.0
2024-01-11,S005,P0016,208.0
2024-01-12,S005,P0016,0.0
2024-01-13,S005,P0016,373.0
2024-01-14,S005,P0016,0.0
2024-01-15,S005,P0016,0.0
2024-01-16,S005,P0016,249.0
2024-01-17,S005,P0016,0.0
2024-01-18,S005,P0016,171.0
2024-01-19,S005,P0016,0.0
2024-01-20,S005,P0016,234.0
2024-01-21,S005,P0016,0.0
2024-01-22,S005,P0016,358.0
2024-01-23,S005,P0016,0.0
2024-01-24,S005,P0016,0.0
2024-01-25,S005,P0016,167.0
2024-01-26,S005,P0016,0.0
2024-01-27,S005,P0016,113.0
2024-01-28,S005,P0016,0.0
2024-01-29,S005,P0016,0.0
2024-01-30,S005,P0016,0.0
2023-10-31,S005,P0017,339.0
2023-11-01,S005,P0017,0.0
2023-11-02,S005,P0017,0.0
2023-11-03,S005,P0017,158.0
2023-11-04,S005,P0017,0.0
2023-11-05,S005,P0017,173.0
2023-11-06,S005,P0017,0.0
2023-11-07,S005,P0017,203.0
2023-11-08,S005,P0017,0.0
2023-11-09,S005,P0017,263.0
2023-11-10,S005,P0017,0.0
2023-11-11,S005,P0017,0.0
2023-11-12,S005,P0017,524.0
2023-11-13,S005,P0017,0.0
2023-11-14,S005,P0017,0.0
2023-11-15,S005,P0017,0.0
2023-11-16,S005,P0017,0.0
2023-11-17,S005,P0017,0.0
2023-11-18,S005,P0017,314.0
2023-11-19,S005,P0017,0.0
2023-11-20,S005,P0017,0.0
2023-11-21,S005,P0017,661.0
2023-11-22,S005,P0017,0.0
2023-11-23,S005,P0017,0.0
2023-11-24,S005,P0017,0.0
2023-11-25,S005,P0017,0.0
2023-11-26,S005,P0017,284.0
2023-11-27,S005,P0017,0.0
2023-11-28,S005,P0017,215.0
2023-11-29,S005,P0017,0.0
2023-11-30,S005,P0017,357.0
2023-12-01,S005,P0017,0.0
2023-12-02,S005,P0017,0.0
2023-12-03,S005,P0017,322.0
2023-12-04,S005,P0017,0.0
2023-12-05,S005,P0017,0.0
2023-12-06,S005,P0017,201.0
2023-12-07,S005,P0017,0.0
2023-12-08,S005,P0017,87.0
2023-12-09,S005,P0017,0.0
2023-12-10,S005,P0017,329.0
2023-12-11,S005,P0017,0.0
2023-12-12,S005,P0017,0.0
2023-12-13,S005,P0017,354.0
2023-12-14,S005,P0017,0.0
2023-12-15,S005,P0017,0.0
2023-12-16,S005,P0017,292.0
2023-12-17,S005,P0017,0.0
2023-12-18,S005,P0017,0.0
2023-12-19,S005,P0017,260.0
2023-12-20,S005,P0017,0.0
2023-12-21,S005,P0017,189.0
2023-12-22,S005,P0017,0.0
2023-12-23,S005,P0017,341.0
2023-12-24,S005,P0017,0.0
2023-12-25,S005,P0017,0.0
2023-12-26,S005,P0017,132.0
2023-12-27,S005,P0017,0.0
2023-12-28,S005,P0017,0.0
2023-12-29,S005,P0017,0.0
2023-12-30,S005,P0017,41.0
2023-12-31,S005,P0017,0.0
2024-01-01,S005,P0017,49.0
2024-01-02,S005,P0017,0.0
2024-01-03,S005,P0017,45.0
2024-01-04,S005,P0017,0.0
2024-01-05,S005,P0017,26.0
2024-01-06,S005,P0017,0.0
2024-01-07,S005,P0017,18.0
2024-01-08,S005,P0017,0.0
2024-01-09,S005,P0017,249.0
2024-01-10,S005,P0017,0.0
2024-01-11,S005,P0017,0.0
2024-01-12,S005,P0017,293.0
2024-01-13,S005,P0017,0.0
2024-01-14,S005,P0017,0.0
2024-01-15,S005,P0017,243.0
2024-01-16,S005,P0017,0.0
2024-01-17,S005,P0017,0.0
2024-01-18,S005,P0017,248.0
2024-01-19,S005,P0017,0.0
2024-01-20,S005,P0017,428.0
2024-01-21,S005,P0017,0.0
2024-01-22,S005,P0017,0.0
2024-01-23,S005,P0017,0.0
2024-01-24,S005,P0017,285.0
2024-01-25,S005,P0017,0.0
2024-01-26,S005,P0017,0.0
2024-01-27,S005,P0017,217.0
2024-01-28,S005,P0017,0.0
2024-01-29,S005,P0017,0.0
2024-01-30,S005,P0017,0.0
2023-10-31,S005,P0018,880.0
2023-11-01,S005,P0018,0.0
2023-11-02,S005,P0018,0.0
2023-11-03,S005,P0018,0.0
2023-11-04,S005,P0018,0.0
2023-11-05,S005,P0018,0.0
2023-11-06,S005,P0018,0.0
2023-11-07,S005,P0018,0.0
2023-11-08,S005,P0018,357.0
2023-11-09,S005,P0018,0.0
2023-11-10,S005,P0018,269.0
2023-11-11,S005,P0018,0.0
2023-11-12,S005,P0018,305.0
2023-11-13,S005,P0018,0.0
2023-11-14,S005,P0018,0.0
2023-11-15,S005,P0018,202.0
2023-11-16,S005,P0018,0.0
2023-11-17,S005,P0018,779.0
2023-11-18,S005,P0018,0.0
2023-11-19,S005,P0018,0.0
2023-11-20,S005,P0018,0.0
2023-11-21,S005,P0018,0.0
2023-11-22,S005,P0018,0.0
2023-11-23,S005,P0018,735.0
2023-11-24,S005,P0018,0.0
2023-11-25,S005,P0018,0.0
2023-11-26,S005,P0018,0.0
2023-11-27,S005,P0018,0.0
2023-11-28,S005,P0018,0.0
2023-11-29,S005,P0018,0.0
2023-11-30,S005,P0018,546.0
2023-12-01,S005,P0018,0.0
2023-12-02,S005,P0018,0.0
2023-12-03,S005,P0018,0.0
2023-12-04,S005,P0018,244.0
2023-12-05,S005,P0018,0.0
2023-12-06,S005,P0018,249.0
2023-12-07,S005,P0018,0.0
2023-12-08,S005,P0018,284.0
2023-12-09,S005,P0018,0.0
2023-12-10,S005,P0018,180.0
2023-12-11,S005,P0018,0.0
2023-12-12,S005,P0018,402.0
2023-12-13,S005,P0018,0.0
2023-12-14,S005,P0018,0.0
2023-12-15,S005,P0018,339.0
2023-12-16,S005,P0018,0.0
2023-12-17,S005,P0018,0.0
2023-12-18,S005,P0018,723.0
2023-12-19,S005,P0018,0.0
2023-12-20,S005,P0018,0.0
2023-12-21,S005,P0018,0.0
2023-12-22,S005,P0018,0.0
2023-12-23,S005,P0018,0.0
2023-12-24,S005,P0018,275.0
2023-12-25,S005,P0018,0.0
2023-12-26,S005,P0018,515.0
2023-12-27,S005,P0018,0.0
2023-12-28,S005,P0018,0.0
2023-12-29,S005,P0018,0.0
2023-12-30,S005,P0018,335.0
2023-12-31,S005,P0018,0.0
2024-01-01,S005,P0018,300.0
2024-01-02,S005,P0018,0.0
2024-01-03,S005,P0018,251.0
2024-01-04,S005,P0018,0.0
2024-01-05,S005,P0018,372.0
2024-01-06,S005,P0018,0.0
2024-01-07,S005,P0018,309.0
2024-01-08,S005,P0018,0.0
2024-01-09,S005,P0018,0.0
2024-01-10,S005,P0018,0.0
2024-01-11,S005,P0018,1048.0
2024-01-12,S005,P0018,0.0
2024-01-13,S005,P0018,0.0
2024-01-14,S005,P0018,0.0
2024-01-15,S005,P0018,0.0
2024-01-16,S005,P0018,0.0
2024-01-17,S005,P0018,0.0
2024-01-18,S005,P0018,0.0
2024-01-19,S005,P0018,0.0
2024-01-20,S005,P0018,256.0
2024-01-21,S005,P0018,0.0
2024-01-22,S005,P0018,543.0
2024-01-23,S005,P0018,0.0
2024-01-24,S005,P0018,0.0
2024-01-25,S005,P0018,310.0
2024-01-26,S005,P0018,0.0
2024-01-27,S005,P0018,251.0
2024-01-28,S005,P0018,0.0
2024-01-29,S005,P0018,0.0
2024-01-30,S005,P0018,0.0
2023-10-31,S005,P0019,59.0
2023-11-01,S005,P0019,146.0
2023-11-02,S005,P0019,115.0
2023-11-03,S005,P0019,0.0
2023-11-04,S005,P0019,74.0
2023-11-05,S005,P0019,73.0
2023-11-06,S005,P0019,77.0
2023-11-07,S005,P0019,80.0
2023-11-08,S005,P0019,119.0
2023-11-09,S005,P0019,0.0
2023-11-10,S005,P0019,70.0
2023-11-11,S005,P0019,51.0
2023-11-12,S005,P0019,207.0
2023-11-13,S005,P0019,0.0
2023-11-14,S005,P0019,0.0
2023-11-15,S005,P0019,186.0
2023-11-16,S005,P0019,0.0
2023-11-17,S005,P0019,273.0
2023-11-18,S005,P0019,0.0
2023-11-19,S005,P0019,0.0
2023-11-20,S005,P0019,85.0
2023-11-21,S005,P0019,95.0
2023-11-22,S005,P0019,357.0
2023-11-23,S005,P0019,0.0
2023-11-24,S005,P0019,0.0
2023-11-25,S005,P0019,0.0
2023-11-26,S005,P0019,353.0
2023-11-27,S005,P0019,0.0
2023-11-28,S005,P0019,0.0
2023-11-29,S005,P0019,0.0
2023-11-30,S005,P0019,235.0
2023-12-01,S005,P0019,0.0
2023-12-02,S005,P0019,0.0
2023-12-03,S005,P0019,204.0
2023-12-04,S005,P0019,0.0
2023-12-05,S005,P0019,0.0
2023-12-06,S005,P0019,128.0
2023-12-07,S005,P0019,51.0
2023-12-08,S005,P0019,215.0
2023-12-09,S005,P0019,0.0
2023-12-10,S005,P0019,0.0
2023-12-11,S005,P0019,180.0
2023-12-12,S005,P0019,0.0
2023-12-13,S005,P0019,126.0
2023-12-14,S005,P0019,63.0
2023-12-15,S005,P0019,554.0
2023-12-16,S005,P0019,0.0
2023-12-17,S005,P0019,0.0
2023-12-18,S005,P0019,0.0
2023-12-19,S005,P0019,0.0
2023-12-20,S005,P0019,0.0
2023-12-21,S005,P0019,103.0
2023-12-22,S005,P0019,132.0
2023-12-23,S005,P0019,0.0
2023-12-24,S005,P0019,154.0
2023-12-25,S005,P0019,0.0
2023-12-26,S005,P0019,151.0
2023-12-27,S005,P0019,0.0
2023-12-28,S005,P0019,0.0
2023-12-29,S005,P0019,0.0
2023-12-30,S005,P0019,50.0
2023-12-31,S005,P0019,109.0
2024-01-01,S005,P0019,0.0
2024-01-02,S005,P0019,0.0
2024-01-03,S005,P0019,17.0
2024-01-04,S005,P0019,7.0
2024-01-05,S005,P0019,67.0
2024-01-06,S005,P0019,0.0
2024-01-07,S005,P0019,257.0
2024-01-08,S005,P0019,0.0
2024-01-09,S005,P0019,0.0
2024-01-10,S005,P0019,0.0
2024-01-11,S005,P0019,279.0
2024-01-12,S005,P0019,0.0
2024-01-13,S005,P0019,0.0
2024-01-14,S005,P0019,160.0
2024-01-15,S005,P0019,0.0
2024-01-16,S005,P0019,0.0
2024-01-17,S005,P0019,69.0
2024-01-18,S005,P0019,231.0
2024-01-19,S005,P0019,0.0
2024-01-20,S005,P0019,386.0
2024-01-21,S005,P0019,0.0
2024-01-22,S005,P0019,0.0
2024-01-23,S005,P0019,0.0
2024-01-24,S005,P0019,186.0
2024-01-25,S005,P0019,0.0
2024-01-26,S005,P0019,89.0
2024-01-27,S005,P0019,140.0
2024-01-28,S005,P0019,0.0
2024-01-29,S005,P0019,0.0
2024-01-30,S005,P0019,0.0
2023-10-31,S005,P0020,655.0
2023-11-01,S005,P0020,0.0
2023-11-02,S005,P0020,0.0
2023-11-03,S005,P0020,0.0
2023-11-04,S005,P0020,0.0
2023-11-05,S005,P0020,0.0
2023-11-06,S005,P0020,0.0
2023-11-07,S005,P0020,0.0
2023-11-08,S005,P0020,201.0
2023-11-09,S005,P0020,0.0
2023-11-10,S005,P0020,352.0
2023-11-11,S005,P0020,0.0
2023-11-12,S005,P0020,0.0
2023-11-13,S005,P0020,0.0
2023-11-14,S005,P0020,135.0
2023-11-15,S005,P0020,0.0
2023-11-16,S005,P0020,279.0
2023-11-17,S005,P0020,0.0
2023-11-18,S005,P0020,0.0
2023-11-19,S005,P0020,107.0
2023-11-20,S005,P0020,0.0
2023-11-21,S005,P0020,431.0
2023-11-22,S005,P0020,0.0
2023-11-23,S005,P0020,0.0
2023-11-24,S005,P0020,0.0
2023-11-25,S005,P0020,0.0
2023-11-26,S005,P0020,275.0
2023-11-27,S005,P0020,0.0
2023-11-28,S005,P0020,0.0
2023-11-29,S005,P0020,0.0
2023-11-30,S005,P0020,208.0
2023-12-01,S005,P0020,0.0
2023-12-02,S005,P0020,0.0
2023-12-03,S005,P0020,316.0
2023-12-04,S005,P0020,0.0
2023-12-05,S005,P0020,0.0
2023-12-06,S005,P0020,117.0
2023-12-07,S005,P0020,0.0
2023-12-08,S005,P0020,308.0
2023-12-09,S005,P0020,0.0
2023-12-10,S005,P0020,0.0
2023-12-11,S005,P0020,0.0
2023-12-12,S005,P0020,243.0
2023-12-13,S005,P0020,0.0
2023-12-14,S005,P0020,0.0
2023-12-15,S005,P0020,358.0
2023-12-16,S005,P0020,0.0
2023-12-17,S005,P0020,0.0
2023-12-18,S005,P0020,365.0
2023-12-19,S005,P0020,0.0
2023-12-20,S005,P0020,0.0
2023-12-21,S005,P0020,405.0
2023-12-22,S005,P0020,0.0
2023-12-23,S005,P0020,0.0
2023-12-24,S005,P0020,0.0
2023-12-25,S005,P0020,188.0
2023-12-26,S005,P0020,0.0
2023-12-27,S005,P0020,78.0
2023-12-28,S005,P0020,0.0
2023-12-29,S005,P0020,0.0
2023-12-30,S005,P0020,53.0
2023-12-31,S005,P0020,0.0
2024-01-01,S005,P0020,69.0
2024-01-02,S005,P0020,0.0
2024-01-03,S005,P0020,35.0
2024-01-04,S005,P0020,0.0
2024-01-05,S005,P0020,98.0
2024-01-06,S005,P0020,0.0
2024-01-07,S005,P0020,48.0
2024-01-08,S005,P0020,0.0
2024-01-09,S005,P0020,208.0
2024-01-10,S005,P0020,0.0
2024-01-11,S005,P0020,159.0
2024-01-12,S005,P0020,0.0
2024-01-13,S005,P0020,502.0
2024-01-14,S005,P0020,0.0
2024-01-15,S005,P0020,0.0
2024-01-16,S005,P0020,0.0
2024-01-17,S005,P0020,0.0
2024-01-18,S005,P0020,237.0
2024-01-19,S005,P0020,0.0
2024-01-20,S005,P0020,185.0
2024-01-21,S005,P0020,0.0
2024-01-22,S005,P0020,209.0
2024-01-23,S005,P0020,0.0
2024-01-24,S005,P0020,318.0
2024-01-25,S005,P0020,0.0
2024-01-26,S005,P0020,0.0
2024-01-27,S005,P0020,168.0
2024-01-28,S005,P0020,0.0
2024-01-29,S005,P0020,0.0
2024-01-30,S005,P0020,0.0
